json_path,image_file,food_from_filename,식품코드,식품명(B열),match_type,n_images_for_food
TL1/B/11/B11001/03/측면/B_11_B11001_BLT샌드위치_03_08.json,B_11_B11001_BLT샌드위치_03_08.jpg,BLT샌드위치,,,not_found,230
TL1/A/14/A14001/13/정위/A_14_A14001_가라아케_13_09.json,A_14_A14001_가라아케_13_09.jpg,가라아케,,,not_found,310
TL10/B/12/B12001/10/측면/B_12_B12001_가리비초밥_10_07.json,B_12_B12001_가리비초밥_10_07.jpg,가리비초밥,,,not_found,220
TL1/A/14/A14002/13/정위/A_14_A14002_가이 팟 퐁 커리_13_09.json,A_14_A14002_가이 팟 퐁 커리_13_09.jpg,가이 팟 퐁 커리,,,not_found,360
TL1/A/13/A13001/30/정위/A_13_A13001_가자미구이_30_09.json,A_13_A13001_가자미구이_30_09.jpg,가자미구이,,,not_found,280
TL1/A/14/A14003/16/정위/A_14_A14003_가지만두_16_09.json,A_14_A14003_가지만두_16_09.jpg,가지만두,,,not_found,330
TL1/B/12/B12002/03/측면/B_12_B12002_간장달걀밥_03_05.json,B_12_B12002_간장달걀밥_03_05.jpg,간장달걀밥,,,not_found,250
TL1/B/12/B12003/01/정위/B_12_B12003_간장닭갈비_01_09.json,B_12_B12003_간장닭갈비_01_09.jpg,간장닭갈비,,,not_found,140
TL1/B/11/B11002/22/측면/B_11_B11002_간장반후라이드반치킨(뼈)_22_04.json,B_11_B11002_간장반후라이드반치킨(뼈)_22_04.jpg,간장반후라이드반치킨(뼈),,,not_found,230
TL1/B/11/B11003/07/측면/B_11_B11003_간장치킨(뼈)_07_03.json,B_11_B11003_간장치킨(뼈)_07_03.jpg,간장치킨(뼈),,,not_found,250
TL1/A/14/A14004/12/측면/A_14_A14004_갈릭난_12_07.json,A_14_A14004_갈릭난_12_07.jpg,갈릭난,,,not_found,510
TL13/B/12/B12004/15/정위/B_12_B12004_갈비만두_15_09.json,B_12_B12004_갈비만두_15_09.jpg,갈비만두,,,not_found,110
TL1/B/12/B12005/14/정위/B_12_B12005_갈비전골_14_10.json,B_12_B12005_갈비전골_14_10.jpg,갈비전골,,,not_found,170
TL12/B/12/B12006/07/정위/B_12_B12006_갈비찜_07_09.json,B_12_B12006_갈비찜_07_09.jpg,갈비찜,,,not_found,140
TL1/B/11/B11004/29/측면/B_11_B11004_갈비치킨_29_04.json,B_11_B11004_갈비치킨_29_04.jpg,갈비치킨,,,not_found,210
TL1/B/12/B12007/07/정위/B_12_B12007_갈치구이_07_10.json,B_12_B12007_갈치구이_07_10.jpg,갈치구이,,,not_found,130
TL11/A/14/A14005/05/측면/A_14_A14005_감바스_05_02.json,A_14_A14005_감바스_05_02.jpg,감바스,D303-161000000-0001,스파게티_간편조리세트_감바스알리오올리오,contains,210
TL1/C/02/C02001/22/정위/C_02_C02001_감자고로케_22_09.json,C_02_C02001_감자고로케_22_09.jpg,감자고로케,,,not_found,270
TL1/A/14/A14006/09/측면/A_14_A14006_감자그라탕_09_04.json,A_14_A14006_감자그라탕_09_04.jpg,감자그라탕,D408-407000000-0001,감자그라탕,exact,350
TL1/C/01/C01001/18/단면/C_01_C01001_감자떡_18_07.json,C_01_C01001_감자떡_18_07.jpg,감자떡,,,not_found,260
TL10/B/12/B12008/12/정위/B_12_B12008_감자만두_12_09.json,B_12_B12008_감자만두_12_09.jpg,감자만두,,,not_found,150
TL1/C/02/C02002/11/정위/C_02_C02002_감자빵_11_10.json,C_02_C02002_감자빵_11_10.jpg,감자빵,D202-075000000-0001,감자빵_강원도알감자빵 (5개입),contains,260
TL1/B/12/B12009/12/측면/B_12_B12009_감자수제비_12_01.json,B_12_B12009_감자수제비_12_01.jpg,감자수제비,,,not_found,130
TL10/B/12/B12010/03/측면/B_12_B12010_감자옹심이_03_06.json,B_12_B12010_감자옹심이_03_06.jpg,감자옹심이,,,not_found,140
TL1/B/11/B11005/12/정위/B_11_B11005_감자토스트_12_09.json,B_11_B11005_감자토스트_12_09.jpg,감자토스트,,,not_found,230
TL1/C/02/C02003/11/단면/C_02_C02003_감자핫도그_11_08.json,C_02_C02003_감자핫도그_11_08.jpg,감자핫도그,D202-122000000-0024,핫도그_통소시지감자핫도그,contains,250
TL1/A/13/A13002/24/측면/A_13_A13002_개불_24_06.json,A_13_A13002_개불_24_06.jpg,개불,,,not_found,220
TL1/A/14/A14007/03/측면/A_14_A14007_건두부볶음_03_02.json,A_14_A14007_건두부볶음_03_02.jpg,건두부볶음,,,not_found,310
TL1/B/12/B12011/26/측면/B_12_B12011_검은콩국수_26_01.json,B_12_B12011_검은콩국수_26_01.jpg,검은콩국수,,,not_found,240
TL1/C/02/C02004/17/단면/C_02_C02004_게살고로케_17_08.json,C_02_C02004_게살고로케_17_08.jpg,게살고로케,,,not_found,240
TL1/B/12/B12012/27/측면/B_12_B12012_게살볶음밥_27_03.json,B_12_B12012_게살볶음밥_27_03.jpg,게살볶음밥,,,not_found,260
TL1/C/02/C02005/09/단면/C_02_C02005_경주빵_09_07.json,C_02_C02005_경주빵_09_07.jpg,경주빵,,,not_found,240
TL1/C/02/C02006/07/정위/C_02_C02006_경주찰보리빵_07_10.json,C_02_C02006_경주찰보리빵_07_10.jpg,경주찰보리빵,,,not_found,300
TL1/C/02/C02007/17/단면/C_02_C02007_계란빵_17_08.json,C_02_C02007_계란빵_17_08.jpg,계란빵,D402-077000000-0001,계란빵,exact,300
TL1/B/11/B11006/09/측면/B_11_B11006_계란토스트_09_04.json,B_11_B11006_계란토스트_09_04.jpg,계란토스트,,,not_found,270
TL1/A/14/A14008/09/정위/A_14_A14008_고구마그라탕_09_09.json,A_14_A14008_고구마그라탕_09_09.jpg,고구마그라탕,,,not_found,300
TL1/B/12/B12013/09/측면/B_12_B12013_고구마돈가스_09_07.json,B_12_B12013_고구마돈가스_09_07.jpg,고구마돈가스,,,not_found,270
TL1/C/01/C01003/20/정위/C_01_C01003_고구마떡_20_09.json,C_01_C01003_고구마떡_20_09.jpg,고구마떡,,,not_found,230
TL1/D/08/D08001/01/측면/D_08_D08001_고구마라떼_01_02.json,D_08_D08001_고구마라떼_01_02.jpg,고구마라떼,D220-723000000-0576,라떼_고구마라떼 아이스(ICED),contains,75
TL1/B/12/B12014/04/측면/B_12_B12014_고구마샐러드_04_02.json,B_12_B12014_고구마샐러드_04_02.jpg,고구마샐러드,,,not_found,270
TL1/C/02/C02008/12/단면/C_02_C02008_고구마식빵_12_07.json,C_02_C02008_고구마식빵_12_07.jpg,고구마식빵,,,not_found,190
TL1/B/12/B12015/03/정위/B_12_B12015_고구마치즈돈가스_03_10.json,B_12_B12015_고구마치즈돈가스_03_10.jpg,고구마치즈돈가스,,,not_found,270
TL1/C/02/C02009/27/측면/C_02_C02009_고구마케이크_27_05.json,C_02_C02009_고구마케이크_27_05.jpg,고구마케이크,D202-110000000-0285,케이크_우유 고구마케이크,contains,250
TL1/B/11/B11007/02/정위/B_11_B11007_고구마피자(씬)_02_09.json,B_11_B11007_고구마피자(씬)_02_09.jpg,고구마피자(씬),,,not_found,230
TL10/B/11/B11008/11/정위/B_11_B11008_고구마피자(팬)_11_09.json,B_11_B11008_고구마피자(팬)_11_09.jpg,고구마피자(팬),,,not_found,260
TL1/C/02/C02011/06/단면/C_02_C02011_고구마핫도그_06_07.json,C_02_C02011_고구마핫도그_06_07.jpg,고구마핫도그,,,not_found,260
TL1/B/12/B12016/20/측면/B_12_B12016_고기국수_20_05.json,B_12_B12016_고기국수_20_05.jpg,고기국수,,,not_found,260
TL10/B/12/B12017/01/측면/B_12_B12017_고등어구이_01_04.json,B_12_B12017_고등어구이_01_04.jpg,고등어구이,,,not_found,110
TL1/A/14/A14009/08/정위/A_14_A14009_고르곤졸라피자_08_10.json,A_14_A14009_고르곤졸라피자_08_10.jpg,고르곤졸라피자,,,not_found,360
TL1/B/12/B12018/01/측면/B_12_B12018_고추장불고기_01_01.json,B_12_B12018_고추장불고기_01_01.jpg,고추장불고기,,,not_found,240
TL10/B/12/B12019/05/정위/B_12_B12019_곱도리탕_05_10.json,B_12_B12019_곱도리탕_05_10.jpg,곱도리탕,,,not_found,130
TL1/B/11/B11009/20/측면/B_11_B11009_곱창떡볶이_20_01.json,B_11_B11009_곱창떡볶이_20_01.jpg,곱창떡볶이,,,not_found,280
TL10/B/12/B12020/07/정위/B_12_B12020_곱창쭈꾸미_07_09.json,B_12_B12020_곱창쭈꾸미_07_09.jpg,곱창쭈꾸미,,,not_found,120
TL1/B/12/B12021/24/측면/B_12_B12021_광어매운탕_24_07.json,B_12_B12021_광어매운탕_24_07.jpg,광어매운탕,,,not_found,260
TL1/A/13/A13003/02/측면/A_13_A13003_광어회_02_02.json,A_13_A13003_광어회_02_02.jpg,광어회,,,not_found,300
TL11/B/12/B12022/12/측면/B_12_B12022_교자만두_12_06.json,B_12_B12022_교자만두_12_06.jpg,교자만두,,,not_found,110
TL1/B/12/B12023/12/정위/B_12_B12023_국물닭발_12_09.json,B_12_B12023_국물닭발_12_09.jpg,국물닭발,,,not_found,260
TL1/B/12/B12024/04/측면/B_12_B12024_굴국밥_04_01.json,B_12_B12024_굴국밥_04_01.jpg,굴국밥,,,not_found,110
TL1/B/12/B12025/07/측면/B_12_B12025_굴비구이_07_02.json,B_12_B12025_굴비구이_07_02.jpg,굴비구이,,,not_found,120
TL14/B/12/B12026/02/측면/B_12_B12026_굴비찜_02_06.json,B_12_B12026_굴비찜_02_06.jpg,굴비찜,,,not_found,100
TL1/A/14/A14010/17/정위/A_14_A14010_규동_17_09.json,A_14_A14010_규동_17_09.jpg,규동,,,not_found,300
TL1/C/06/C06005/01/정위/C_06_C06005_그래놀라시리얼_01_09.json,C_06_C06005_그래놀라시리얼_01_09.jpg,그래놀라시리얼,,,not_found,260
TL1/D/08/D08002/01/정위/D_08_D08002_그린밀크티_01_03.json,D_08_D08002_그린밀크티_01_03.jpg,그린밀크티,,,not_found,75
TL10/C/02/C02012/03/정위/C_02_C02012_글레이즈드도넛_03_10.json,C_02_C02012_글레이즈드도넛_03_10.jpg,글레이즈드도넛,,,not_found,260
TL1/A/14/A14011/01/정위/A_14_A14011_김치나베_01_10.json,A_14_A14011_김치나베_01_10.jpg,김치나베,,,not_found,390
TL1/C/03/C03150/29/측면/C_03_C03150_김치낙지죽_29_02.json,C_03_C03150_김치낙지죽_29_02.jpg,김치낙지죽,,,not_found,250
TL1/B/11/B11010/18/측면/B_11_B11010_김치알컵밥_18_01.json,B_11_B11010_김치알컵밥_18_01.jpg,김치알컵밥,,,not_found,230
TL1/C/03/C03151/05/정위/C_03_C03151_김치죽_05_10.json,C_03_C03151_김치죽_05_10.jpg,김치죽,,,not_found,250
TL1/B/12/B12027/07/측면/B_12_B12027_김치찜_07_06.json,B_12_B12027_김치찜_07_06.jpg,김치찜,D707-309061700-0001,김치찜_돼지고기_두부,contains,230
TL1/B/11/B11011/17/측면/B_11_B11011_김치참치마요컵밥_17_07.json,B_11_B11011_김치참치마요컵밥_17_07.jpg,김치참치마요컵밥,,,not_found,240
TL1/B/11/B11012/06/측면/B_11_B11012_김치참치컵밥_06_03.json,B_11_B11012_김치참치컵밥_06_03.jpg,김치참치컵밥,,,not_found,260
TL10/B/12/B12028/13/측면/B_12_B12028_김피탕_13_06.json,B_12_B12028_김피탕_13_06.jpg,김피탕,,,not_found,130
TL1/C/02/C02014/02/단면/C_02_C02014_까눌레_02_07.json,C_02_C02014_까눌레_02_07.jpg,까눌레,D202-078000000-0005,기타빵_까눌레,contains,260
TL1/B/11/B11013/21/정위/B_11_B11013_까르보나라떡볶이_21_09.json,B_11_B11013_까르보나라떡볶이_21_09.jpg,까르보나라떡볶이,,,not_found,240
TL1/A/14/A14012/19/정위/A_14_A14012_까르보나라파스타_19_09.json,A_14_A14012_까르보나라파스타_19_09.jpg,까르보나라파스타,,,not_found,380
TL1/A/14/A14013/04/정위/A_14_A14013_까르보네피자_04_09.json,A_14_A14013_까르보네피자_04_09.jpg,까르보네피자,,,not_found,450
TL1/A/14/A14014/25/정위/A_14_A14014_깐쇼새우_25_10.json,A_14_A14014_깐쇼새우_25_10.jpg,깐쇼새우,,,not_found,250
TL10/B/11/B11014/15/측면/B_11_B11014_깐풍치킨(뼈)_15_02.json,B_11_B11014_깐풍치킨(뼈)_15_02.jpg,깐풍치킨(뼈),,,not_found,220
TL1/D/07/D07001/23/정위/D_07_D07001_깔라만시에이드_23_03.json,D_07_D07001_깔라만시에이드_23_03.jpg,깔라만시에이드,,,not_found,75
TL1/C/02/C02015/19/단면/C_02_C02015_깜빠뉴_19_07.json,C_02_C02015_깜빠뉴_19_07.jpg,깜빠뉴,D202-090000000-0041,바게트_스위트깜빠뉴,contains,240
TL1/C/02/C02016/18/단면/C_02_C02016_깨찰빵_18_07.json,C_02_C02016_깨찰빵_18_07.jpg,깨찰빵,D202-079000000-0001,깨찰빵_깨찰빵,contains,230
TL10/B/11/B11015/24/정위/B_11_B11015_꼬마김밥_24_10.json,B_11_B11015_꼬마김밥_24_10.jpg,꼬마김밥,,,not_found,230
TL10/B/12/B12029/13/측면/B_12_B12029_꼬막무침_13_02.json,B_12_B12029_꼬막무침_13_02.jpg,꼬막무침,,,not_found,100
TL10/B/12/B12030/13/측면/B_12_B12030_꼬막비빔밥_13_06.json,B_12_B12030_꼬막비빔밥_13_06.jpg,꼬막비빔밥,,,not_found,130
TL1/B/11/B11016/09/정위/B_11_B11016_꼬막짬뽕_09_09.json,B_11_B11016_꼬막짬뽕_09_09.jpg,꼬막짬뽕,,,not_found,260
TL10/B/12/B12031/01/측면/B_12_B12031_꽁치구이_01_08.json,B_12_B12031_꽁치구이_01_08.jpg,꽁치구이,,,not_found,120
TL10/B/12/B12032/14/정위/B_12_B12032_꽁치김치찌개_14_09.json,B_12_B12032_꽁치김치찌개_14_09.jpg,꽁치김치찌개,,,not_found,100
TL1/A/14/A14015/06/측면/A_14_A14015_꽃빵_06_04.json,A_14_A14015_꽃빵_06_04.jpg,꽃빵,,,not_found,370
TL10/C/02/C02017/10/정위/C_02_C02017_꽈배기_10_10.json,C_02_C02017_꽈배기_10_10.jpg,꽈배기,D202-082000000-0001,도넛_고구마품은 꽈배기,contains,250
TL1/A/14/A14016/02/정위/A_14_A14016_꿍 팟 퐁 커리_02_09.json,A_14_A14016_꿍 팟 퐁 커리_02_09.jpg,꿍 팟 퐁 커리,,,not_found,340
TL1/A/14/A14017/22/측면/A_14_A14017_꿔바로우_22_08.json,A_14_A14017_꿔바로우_22_08.jpg,꿔바로우,,,not_found,310
TL1/A/14/A14018/03/정위/A_14_A14018_나가사끼짬뽕_03_10.json,A_14_A14018_나가사끼짬뽕_03_10.jpg,나가사끼짬뽕,,,not_found,430
TL1/A/14/A14019/37/정위/A_14_A14019_나시고랭볶음밥_37_09.json,A_14_A14019_나시고랭볶음밥_37_09.jpg,나시고랭볶음밥,,,not_found,390
TL1/A/13/A13004/13/정위/A_13_A13004_나주곰탕_13_10.json,A_13_A13004_나주곰탕_13_10.jpg,나주곰탕,,,not_found,300
TL1/A/14/A14020/22/측면/A_14_A14020_나쵸_22_08.json,A_14_A14020_나쵸_22_08.jpg,나쵸,,,not_found,350
TL10/A/14/A14021/18/측면/A_14_A14021_나폴리피자_18_03.json,A_14_A14021_나폴리피자_18_03.jpg,나폴리피자,,,not_found,420
TL11/B/12/B12033/08/정위/B_12_B12033_낙곱새_08_09.json,B_12_B12033_낙곱새_08_09.jpg,낙곱새,,,not_found,140
TL1/B/12/B12034/14/정위/B_12_B12034_낙지덮밥_14_09.json,B_12_B12034_낙지덮밥_14_09.jpg,낙지덮밥,,,not_found,130
TL11/B/12/B12035/09/정위/B_12_B12035_낙지전골_09_10.json,B_12_B12035_낙지전골_09_10.jpg,낙지전골,,,not_found,110
TL1/C/03/C03152/10/정위/C_03_C03152_낙지죽_10_10.json,C_03_C03152_낙지죽_10_10.jpg,낙지죽,,,not_found,260
TL1/A/13/A13005/09/정위/A_13_A13005_낙지탕탕이_09_10.json,A_13_A13005_낙지탕탕이_09_10.jpg,낙지탕탕이,,,not_found,240
TL1/A/13/A13006/08/정위/A_13_A13006_낙지호롱_08_09.json,A_13_A13006_낙지호롱_08_09.jpg,낙지호롱,,,not_found,260
TL1/A/14/A14022/07/정위/A_14_A14022_난자완스_07_09.json,A_14_A14022_난자완스_07_09.jpg,난자완스,,,not_found,380
TL1/B/12/B12036/02/정위/B_12_B12036_날치알주먹밥_02_09.json,B_12_B12036_날치알주먹밥_02_09.jpg,날치알주먹밥,,,not_found,240
TL11/B/12/B12037/12/측면/B_12_B12037_날치알초밥_12_05.json,B_12_B12037_날치알초밥_12_05.jpg,날치알초밥,,,not_found,250
TL1/A/14/A14023/12/측면/A_14_A14023_날치알크림파스타_12_04.json,A_14_A14023_날치알크림파스타_12_04.jpg,날치알크림파스타,,,not_found,360
TL1/B/12/B12038/03/측면/B_12_B12038_납작만두_03_05.json,B_12_B12038_납작만두_03_05.jpg,납작만두,,,not_found,110
TL1/A/13/A13007/31/정위/A_13_A13007_내장볶음_31_10.json,A_13_A13007_내장볶음_31_10.jpg,내장볶음,,,not_found,410
TL1/A/14/A14024/09/정위/A_14_A14024_냉라멘_09_09.json,A_14_A14024_냉라멘_09_09.jpg,냉라멘,,,not_found,280
TL10/B/12/B12039/03/측면/B_12_B12039_냉우동_03_02.json,B_12_B12039_냉우동_03_02.jpg,냉우동,,,not_found,110
TL10/B/11/B11017/09/정위/B_11_B11017_냉채족발_09_09.json,B_11_B11017_냉채족발_09_09.jpg,냉채족발,,,not_found,130
TL10/B/12/B12040/01/측면/B_12_B12040_노가리_01_05.json,B_12_B12040_노가리_01_05.jpg,노가리,,,not_found,260
TL1/C/03/C03153/28/정위/C_03_C03153_녹두죽_28_10.json,C_03_C03153_녹두죽_28_10.jpg,녹두죽,,,not_found,220
TL1/D/09/D09001/26/정위/D_09_D09001_녹차_26_03.json,D_09_D09001_녹차_26_03.jpg,녹차,D202-084000000-0003,롤빵_녹차 도쿄롤 (L),contains,75
TL1/D/08/D08003/02/정위/D_08_D08003_녹차라떼_02_03.json,D_08_D08003_녹차라떼_02_03.jpg,녹차라떼,,,not_found,69
TL1/C/02/C02018/14/정위/C_02_C02018_녹차롤케잌_14_09.json,C_02_C02018_녹차롤케잌_14_09.jpg,녹차롤케잌,,,not_found,230
TL1/C/02/C02019/03/단면/C_02_C02019_녹차마카롱_03_08.json,C_02_C02019_녹차마카롱_03_08.jpg,녹차마카롱,,,not_found,260
TL1/C/02/C02020/14/단면/C_02_C02020_녹차머핀_14_08.json,C_02_C02020_녹차머핀_14_08.jpg,녹차머핀,,,not_found,260
TL11/B/11/B11018/21/측면/B_11_B11018_누드김밥_21_07.json,B_11_B11018_누드김밥_21_07.jpg,누드김밥,,,not_found,220
TL11/B/12/B12041/06/측면/B_12_B12041_다슬기해장국_06_05.json,B_12_B12041_다슬기해장국_06_05.jpg,다슬기해장국,,,not_found,110
TL10/C/02/C02021/16/정위/C_02_C02021_단팥빵_16_09.json,C_02_C02021_단팥빵_16_09.jpg,단팥빵,D202-117000000-0001,팥빵_단팥빵,contains,230
TL1/C/02/C02022/07/정위/C_02_C02022_단팥크림빵_07_09.json,C_02_C02022_단팥크림빵_07_09.jpg,단팥크림빵,D202-113000000-0056,크림빵_단팥크림빵,contains,230
TL10/C/02/C02098/14/정위/C_02_C02098_단팥호빵_14_09.json,C_02_C02098_단팥호빵_14_09.jpg,단팥호빵,,,not_found,250
TL1/B/12/B12042/11/정위/B_12_B12042_단호박샐러드_11_10.json,B_12_B12042_단호박샐러드_11_10.jpg,단호박샐러드,,,not_found,260
TL1/C/02/C02023/04/측면/C_02_C02023_단호박크럼블_04_05.json,C_02_C02023_단호박크럼블_04_05.jpg,단호박크럼블,,,not_found,250
TL1/B/12/B12043/08/정위/B_12_B12043_단호박피자_08_09.json,B_12_B12043_단호박피자_08_09.jpg,단호박피자,,,not_found,230
TL10/B/12/B12044/03/정위/B_12_B12044_달걀오믈렛_03_10.json,B_12_B12044_달걀오믈렛_03_10.jpg,달걀오믈렛,,,not_found,230
TL1/B/12/B12045/09/정위/B_12_B12045_달걀초밥_09_09.json,B_12_B12045_달걀초밥_09_09.jpg,달걀초밥,,,not_found,260
TL10/D/08/D08004/04/측면/D_08_D08004_달고나라떼_04_02.json,D_08_D08004_달고나라떼_04_02.jpg,달고나라떼,,,not_found,75
TL1/C/06/C06006/09/측면/C_06_C06006_닭가슴살_09_07.json,C_06_C06006_닭가슴살_09_07.jpg,닭가슴살,D102-096060000-0001,샌드위치_닭가슴살,contains,270
TL1/B/11/B11019/04/정위/B_11_B11019_닭가슴살샌드위치_04_10.json,B_11_B11019_닭가슴살샌드위치_04_10.jpg,닭가슴살샌드위치,,,not_found,270
TL1/B/12/B12046/14/측면/B_12_B12046_닭가슴살샐러드_14_08.json,B_12_B12046_닭가슴살샐러드_14_08.jpg,닭가슴살샐러드,,,not_found,270
TL1/C/06/C06007/11/측면/C_06_C06007_닭가슴살소시지_11_04.json,C_06_C06007_닭가슴살소시지_11_04.jpg,닭가슴살소시지,,,not_found,250
TL10/B/12/B12047/10/정위/B_12_B12047_닭가슴살스테이크_10_10.json,B_12_B12047_닭가슴살스테이크_10_10.jpg,닭가슴살스테이크,,,not_found,290
TL1/B/11/B11020/16/정위/B_11_B11020_닭갈비컵밥_16_10.json,B_11_B11020_닭갈비컵밥_16_10.jpg,닭갈비컵밥,,,not_found,280
TL1/B/12/B12048/15/정위/B_12_B12048_닭계장_15_09.json,B_12_B12048_닭계장_15_09.jpg,닭계장,,,not_found,230
TL1/A/14/A14025/01/측면/A_14_A14025_닭고기쌀국수_01_07.json,A_14_A14025_닭고기쌀국수_01_07.jpg,닭고기쌀국수,,,not_found,370
TL1/B/12/B12049/04/정위/B_12_B12049_닭내장볶음_04_10.json,B_12_B12049_닭내장볶음_04_10.jpg,닭내장볶음,,,not_found,220
TL10/B/11/B11021/04/측면/B_11_B11021_닭다리간장치킨_04_08.json,B_11_B11021_닭다리간장치킨_04_08.jpg,닭다리간장치킨,,,not_found,250
TL10/B/11/B11022/05/정위/B_11_B11022_닭다리양념치킨_05_10.json,B_11_B11022_닭다리양념치킨_05_10.jpg,닭다리양념치킨,,,not_found,260
TL10/B/11/B11023/01/측면/B_11_B11023_닭다리후라이드치킨_01_04.json,B_11_B11023_닭다리후라이드치킨_01_04.jpg,닭다리후라이드치킨,,,not_found,220
TL1/B/12/B12050/03/측면/B_12_B12050_닭모래집볶음_03_02.json,B_12_B12050_닭모래집볶음_03_02.jpg,닭모래집볶음,,,not_found,250
TL1/B/12/B12051/02/측면/B_12_B12051_닭발볶음_02_06.json,B_12_B12051_닭발볶음_02_06.jpg,닭발볶음,,,not_found,270
TL1/B/11/B11024/12/측면/B_11_B11024_닭윙&닭다리간장치킨_12_04.json,B_11_B11024_닭윙&닭다리간장치킨_12_04.jpg,닭윙&닭다리간장치킨,,,not_found,210
TL1/B/11/B11025/16/정위/B_11_B11025_닭윙&닭다리양념치킨_16_10.json,B_11_B11025_닭윙&닭다리양념치킨_16_10.jpg,닭윙&닭다리양념치킨,,,not_found,270
TL1/B/11/B11026/01/측면/B_11_B11026_닭윙간장치킨_01_03.json,B_11_B11026_닭윙간장치킨_01_03.jpg,닭윙간장치킨,,,not_found,260
TL1/B/11/B11027/07/정위/B_11_B11027_닭윙양념치킨_07_09.json,B_11_B11027_닭윙양념치킨_07_09.jpg,닭윙양념치킨,,,not_found,260
TL1/B/11/B11028/27/정위/B_11_B11028_닭윙후라이드치킨_27_09.json,B_11_B11028_닭윙후라이드치킨_27_09.jpg,닭윙후라이드치킨,,,not_found,200
TL1/C/02/C02024/07/정위/C_02_C02024_당근케이크_07_09.json,C_02_C02024_당근케이크_07_09.jpg,당근케이크,,,not_found,270
TL1/A/13/A13008/02/정위/A_13_A13008_대구뽈찜_02_10.json,A_13_A13008_대구뽈찜_02_10.jpg,대구뽈찜,,,not_found,320
TL1/A/13/A13009/27/정위/A_13_A13009_대구탕_27_09.json,A_13_A13009_대구탕_27_09.jpg,대구탕,,,not_found,320
TL1/A/13/A13010/02/정위/A_13_A13010_대하구이_02_09.json,A_13_A13010_대하구이_02_09.jpg,대하구이,,,not_found,290
TL1/A/13/A13011/01/정위/A_13_A13011_대하찜_01_09.json,A_13_A13011_대하찜_01_09.jpg,대하찜,,,not_found,230
TL1/D/10/D10009/04/측면/D_10_D10009_더치커피_04_01.json,D_10_D10009_더치커피_04_01.jpg,더치커피,D220-748000000-1182,커피_더치커피 핫(HOT),contains,66
TL10/B/12/B12052/02/측면/B_12_B12052_도리뱅뱅이_02_06.json,B_12_B12052_도리뱅뱅이_02_06.jpg,도리뱅뱅이,,,not_found,110
TL1/B/11/B11029/05/측면/B_11_B11029_돈가스김밥_05_04.json,B_11_B11029_돈가스김밥_05_04.jpg,돈가스김밥,,,not_found,200
TL1/A/14/A14026/13/측면/A_14_A14026_돈부리덮밥_13_07.json,A_14_A14026_돈부리덮밥_13_07.jpg,돈부리덮밥,,,not_found,330
TL1/A/14/A14027/20/정위/A_14_A14027_돈코츠라멘_20_10.json,A_14_A14027_돈코츠라멘_20_10.jpg,돈코츠라멘,,,not_found,380
TL1/B/12/B12053/10/정위/B_12_B12053_돌솥비빔밥_10_09.json,B_12_B12053_돌솥비빔밥_10_09.jpg,돌솥비빔밥,,,not_found,120
TL1/D/10/D10010/18/정위/D_10_D10010_돌체라떼(HOT)_18_03.json,D_10_D10010_돌체라떼(HOT)_18_03.jpg,돌체라떼(HOT),,,not_found,75
TL1/A/14/A14028/06/정위/A_14_A14028_돌체피자_06_09.json,A_14_A14028_돌체피자_06_09.jpg,돌체피자,,,not_found,470
TL1/A/14/A14029/09/정위/A_14_A14029_동파육_09_10.json,A_14_A14029_동파육_09_10.jpg,동파육,,,not_found,340
TL1/B/12/B12054/21/정위/B_12_B12054_돼지간_21_09.json,B_12_B12054_돼지간_21_09.jpg,돼지간,,,not_found,270
TL1/B/12/B12055/10/정위/B_12_B12055_돼지두루치기_10_09.json,B_12_B12055_돼지두루치기_10_09.jpg,돼지두루치기,,,not_found,240
TL1/B/12/B12056/08/측면/B_12_B12056_돼지짜글이_08_04.json,B_12_B12056_돼지짜글이_08_04.jpg,돼지짜글이,,,not_found,220
TL1/B/12/B12057/14/정위/B_12_B12057_두부두루치기_14_10.json,B_12_B12057_두부두루치기_14_10.jpg,두부두루치기,,,not_found,240
TL1/B/12/B12058/02/측면/B_12_B12058_두부버섯전골_02_03.json,B_12_B12058_두부버섯전골_02_03.jpg,두부버섯전골,,,not_found,180
TL1/B/12/B12059/27/측면/B_12_B12059_두부샐러드_27_04.json,B_12_B12059_두부샐러드_27_04.jpg,두부샐러드,,,not_found,230
TL10/B/12/B12060/19/측면/B_12_B12060_들깨수제비_19_08.json,B_12_B12060_들깨수제비_19_08.jpg,들깨수제비,,,not_found,230
TL1/B/12/B12061/13/측면/B_12_B12061_등갈비찜_13_02.json,B_12_B12061_등갈비찜_13_02.jpg,등갈비찜,,,not_found,140
TL10/C/02/C02025/06/단면/C_02_C02025_딸기롤케잌_06_07.json,C_02_C02025_딸기롤케잌_06_07.jpg,딸기롤케잌,,,not_found,230
TL1/C/02/C02026/22/단면/C_02_C02026_딸기마카롱_22_08.json,C_02_C02026_딸기마카롱_22_08.jpg,딸기마카롱,D202-082000000-0025,도넛_딸기마카롱 도넛,contains,250
TL1/D/07/D07002/10/정위/D_07_D07002_딸기바나나주스_10_03.json,D_07_D07002_딸기바나나주스_10_03.jpg,딸기바나나주스,,,not_found,75
TL1/D/07/D07003/24/정위/D_07_D07003_딸기빙수_24_03.json,D_07_D07003_딸기빙수_24_03.jpg,딸기빙수,,,not_found,78
TL1/B/11/B11030/06/측면/B_11_B11030_딸기샌드위치_06_08.json,B_11_B11030_딸기샌드위치_06_08.jpg,딸기샌드위치,,,not_found,230
TL1/D/07/D07004/16/정위/D_07_D07004_딸기스무디_16_03.json,D_07_D07004_딸기스무디_16_03.jpg,딸기스무디,,,not_found,81
TL1/D/07/D07005/20/측면/D_07_D07005_딸기에이드_20_02.json,D_07_D07005_딸기에이드_20_02.jpg,딸기에이드,,,not_found,72
TL1/D/07/D07006/29/측면/D_07_D07006_딸기주스_29_02.json,D_07_D07006_딸기주스_29_02.jpg,딸기주스,,,not_found,75
TL1/C/02/C02027/21/정위/C_02_C02027_딸기케이크_21_10.json,C_02_C02027_딸기케이크_21_10.jpg,딸기케이크,D202-103000000-0027,와플_딸기케이크 와플,contains,230
TL1/C/02/C02028/13/정위/C_02_C02028_딸기크레이프_13_09.json,C_02_C02028_딸기크레이프_13_09.jpg,딸기크레이프,D202-110000000-0071,케이크_딸기크레이프 케이크,contains,250
TL1/C/02/C02029/13/단면/C_02_C02029_딸기크로와상_13_08.json,C_02_C02029_딸기크로와상_13_08.jpg,딸기크로와상,,,not_found,260
TL1/C/02/C02030/05/단면/C_02_C02030_딸기크로플_05_08.json,C_02_C02030_딸기크로플_05_08.jpg,딸기크로플,,,not_found,270
TL1/C/02/C02031/05/정위/C_02_C02031_딸기타르트_05_10.json,C_02_C02031_딸기타르트_05_10.jpg,딸기타르트,,,not_found,260
TL1/B/11/B11031/18/측면/B_11_B11031_땅콩샌드위치_18_08.json,B_11_B11031_땅콩샌드위치_18_08.jpg,땅콩샌드위치,,,not_found,230
TL1/B/11/B11032/13/측면/B_11_B11032_땡초김밥_13_03.json,B_11_B11032_땡초김밥_13_03.jpg,땡초김밥,,,not_found,270
TL1/B/11/B11033/05/정위/B_11_B11033_땡초멸치김밥_05_10.json,B_11_B11033_땡초멸치김밥_05_10.jpg,땡초멸치김밥,,,not_found,240
TL1/B/11/B11034/04/측면/B_11_B11034_떡강정_04_01.json,B_11_B11034_떡강정_04_01.jpg,떡강정,D212-552000000-0002,떡강정_매콤치즈 소떡소떡,contains,230
TL1/B/12/B12062/22/측면/B_12_B12062_떡만두라면_22_02.json,B_12_B12062_떡만두라면_22_02.jpg,떡만두라면,,,not_found,270
TL1/B/12/B12063/10/정위/B_12_B12063_떡만둣국_10_10.json,B_12_B12063_떡만둣국_10_10.jpg,떡만둣국,,,not_found,250
TL1/A/14/A14030/11/정위/A_14_A14030_또띠아피자_11_10.json,A_14_A14030_또띠아피자_11_10.jpg,또띠아피자,,,not_found,260
TL1/A/14/A14031/06/정위/A_14_A14031_똠얌꿍_06_10.json,A_14_A14031_똠얌꿍_06_10.jpg,똠얌꿍,,,not_found,360
TL1/A/14/A14032/08/정위/A_14_A14032_똠얌꿍쌀국수_08_10.json,A_14_A14032_똠얌꿍쌀국수_08_10.jpg,똠얌꿍쌀국수,,,not_found,300
TL1/A/14/A14033/01/정위/A_14_A14033_라조기_01_09.json,A_14_A14033_라조기_01_09.jpg,라조기,,,not_found,420
TL1/C/02/C02032/09/단면/C_02_C02032_러스크_09_08.json,C_02_C02032_러스크_09_08.jpg,러스크,D202-100000000-0059,식빵_러스크,contains,250
TL1/D/07/D07007/03/측면/D_07_D07007_레몬아이스티_03_02.json,D_07_D07007_레몬아이스티_03_02.jpg,레몬아이스티,,,not_found,63
TL1/D/07/D07008/17/정위/D_07_D07008_레몬에이드_17_03.json,D_07_D07008_레몬에이드_17_03.jpg,레몬에이드,,,not_found,75
TL1/D/07/D07009/10/측면/D_07_D07009_레몬차_10_01.json,D_07_D07009_레몬차_10_01.jpg,레몬차,,,not_found,72
TL1/C/02/C02033/11/단면/C_02_C02033_레인보우케이크_11_07.json,C_02_C02033_레인보우케이크_11_07.jpg,레인보우케이크,,,not_found,220
TL1/A/14/A14034/44/정위/A_14_A14034_로스카츠(등심)_44_09.json,A_14_A14034_로스카츠(등심)_44_09.jpg,로스카츠(등심),,,not_found,340
TL1/B/11/B11035/10/측면/B_11_B11035_로제돈가스_10_04.json,B_11_B11035_로제돈가스_10_04.jpg,로제돈가스,,,not_found,230
TL11/B/11/B11036/15/정위/B_11_B11036_로제떡볶이_15_09.json,B_11_B11036_로제떡볶이_15_09.jpg,로제떡볶이,,,not_found,220
TL1/A/14/A14035/04/정위/A_14_A14035_로제리조또_04_10.json,A_14_A14035_로제리조또_04_10.jpg,로제리조또,,,not_found,340
TL1/B/12/B12064/02/측면/B_12_B12064_로제찜닭_02_05.json,B_12_B12064_로제찜닭_02_05.jpg,로제찜닭,,,not_found,250
TL10/B/12/B12065/07/측면/B_12_B12065_로제치킨(뼈)_07_03.json,B_12_B12065_로제치킨(뼈)_07_03.jpg,로제치킨(뼈),,,not_found,250
TL1/A/14/A14036/01/측면/A_14_A14036_로제파스타_01_07.json,A_14_A14036_로제파스타_01_07.jpg,로제파스타,,,not_found,340
TL10/A/14/A14037/15/정위/A_14_A14037_루꼴라피자_15_10.json,A_14_A14037_루꼴라피자_15_10.jpg,루꼴라피자,,,not_found,380
TL1/D/09/D09002/02/정위/D_09_D09002_루이보스차_02_03.json,D_09_D09002_루이보스차_02_03.jpg,루이보스차,,,not_found,66
TL1/B/12/B12066/08/정위/B_12_B12066_리코타치즈샐러드_08_09.json,B_12_B12066_리코타치즈샐러드_08_09.jpg,리코타치즈샐러드,,,not_found,230
TL10/C/02/C02034/05/측면/C_02_C02034_마늘바게트_05_06.json,C_02_C02034_마늘바게트_05_06.jpg,마늘바게트,,,not_found,250
TL1/C/02/C02035/03/측면/C_02_C02035_마늘빵_03_06.json,C_02_C02035_마늘빵_03_06.jpg,마늘빵,D102-085000000-0001,마늘빵,exact,210
TL1/B/11/B11037/23/정위/B_11_B11037_마늘치킨(뼈)_23_09.json,B_11_B11037_마늘치킨(뼈)_23_09.jpg,마늘치킨(뼈),,,not_found,270
TL1/C/02/C02036/17/정위/C_02_C02036_마들렌_17_10.json,C_02_C02036_마들렌_17_10.jpg,마들렌,D202-087000000-0004,머핀_마들렌,contains,260
TL1/B/11/B11038/03/정위/B_11_B11038_마라떡볶이_03_10.json,B_11_B11038_마라떡볶이_03_10.jpg,마라떡볶이,,,not_found,230
TL1/A/14/A14038/17/정위/A_14_A14038_마라롱샤_17_10.json,A_14_A14038_마라롱샤_17_10.jpg,마라롱샤,,,not_found,250
TL1/A/14/A14039/12/측면/A_14_A14039_마라빤_12_08.json,A_14_A14039_마라빤_12_08.jpg,마라빤,,,not_found,260
TL1/A/14/A14040/01/정위/A_14_A14040_마라살꼬치_01_10.json,A_14_A14040_마라살꼬치_01_10.jpg,마라살꼬치,,,not_found,400
TL1/A/14/A14041/17/정위/A_14_A14041_마라샹궈_17_09.json,A_14_A14041_마라샹궈_17_09.jpg,마라샹궈,,,not_found,330
TL1/A/14/A14042/15/측면/A_14_A14042_마라쇼룽샤_15_02.json,A_14_A14042_마라쇼룽샤_15_02.jpg,마라쇼룽샤,,,not_found,280
TL1/A/14/A14043/01/정위/A_14_A14043_마라쌀국수_01_09.json,A_14_A14043_마라쌀국수_01_09.jpg,마라쌀국수,,,not_found,290
TL1/A/14/A14044/30/측면/A_14_A14044_마라탕_30_01.json,A_14_A14044_마라탕_30_01.jpg,마라탕,,,not_found,270
TL1/A/14/A14045/06/정위/A_14_A14045_마르게리따피자_06_09.json,A_14_A14045_마르게리따피자_06_09.jpg,마르게리따피자,,,not_found,370
TL1/A/14/A14046/20/측면/A_14_A14046_마살라커리_20_01.json,A_14_A14046_마살라커리_20_01.jpg,마살라커리,,,not_found,350
TL1/B/12/B12067/02/정위/B_12_B12067_마약옥수수_02_09.json,B_12_B12067_마약옥수수_02_09.jpg,마약옥수수,D202-086000000-0102,마카롱_마약옥수수 뚱카롱,contains,260
TL1/B/11/B11039/26/측면/B_11_B11039_마요치킨(뼈)_26_01.json,B_11_B11039_마요치킨(뼈)_26_01.jpg,마요치킨(뼈),,,not_found,270
TL1/A/13/A13012/06/정위/A_13_A13012_막회_06_10.json,A_13_A13012_막회_06_10.jpg,막회,,,not_found,310
TL12/B/12/B12068/23/측면/B_12_B12068_만두라면_23_04.json,B_12_B12068_만두라면_23_04.jpg,만두라면,,,not_found,240
TL10/B/12/B12069/02/측면/B_12_B12069_만두전골_02_02.json,B_12_B12069_만두전골_02_02.jpg,만두전골,,,not_found,270
TL1/C/02/C02037/19/정위/C_02_C02037_말차까눌레_19_09.json,C_02_C02037_말차까눌레_19_09.jpg,말차까눌레,,,not_found,240
TL1/D/08/D08005/16/측면/D_08_D08005_말차라떼_16_01.json,D_08_D08005_말차라떼_16_01.jpg,말차라떼,,,not_found,63
TL10/C/02/C02038/08/단면/C_02_C02038_맘모스빵_08_08.json,C_02_C02038_맘모스빵_08_08.jpg,맘모스빵,D202-097000000-0008,소보로빵_맘모스빵,contains,260
TL10/C/01/C01004/09/단면/C_01_C01004_망개떡_09_07.json,C_01_C01004_망개떡_09_07.jpg,망개떡,,,not_found,230
TL1/D/07/D07010/25/측면/D_07_D07010_망고스무디_25_01.json,D_07_D07010_망고스무디_25_01.jpg,망고스무디,,,not_found,81
TL1/D/07/D07011/23/측면/D_07_D07011_망고에이드_23_02.json,D_07_D07011_망고에이드_23_02.jpg,망고에이드,,,not_found,75
TL1/D/07/D07012/14/측면/D_07_D07012_망고주스_14_01.json,D_07_D07012_망고주스_14_01.jpg,망고주스,,,not_found,78
TL12/B/12/B12070/10/정위/B_12_B12070_매생이국_10_10.json,B_12_B12070_매생이국_10_10.jpg,매생이국,,,not_found,100
TL11/B/12/B12071/08/정위/B_12_B12071_매생이굴국밥_08_10.json,B_12_B12071_매생이굴국밥_08_10.jpg,매생이굴국밥,,,not_found,90
TL1/A/14/A14047/33/정위/A_14_A14047_매운해물쌀국수_33_09.json,A_14_A14047_매운해물쌀국수_33_09.jpg,매운해물쌀국수,,,not_found,330
TL1/A/14/A14048/02/정위/A_14_A14048_맥앤치즈_02_10.json,A_14_A14048_맥앤치즈_02_10.jpg,맥앤치즈,D202-091000000-0154,버거_골든맥앤치즈비프 버거,contains,400
TL1/C/02/C02039/18/정위/C_02_C02039_머랭쿠키_18_09.json,C_02_C02039_머랭쿠키_18_09.jpg,머랭쿠키,,,not_found,260
TL1/B/12/B12072/01/측면/B_12_B12072_먹태_01_04.json,B_12_B12072_먹태_01_04.jpg,먹태,,,not_found,250
TL1/A/13/A13013/27/정위/A_13_A13013_멍게(활)_27_10.json,A_13_A13013_멍게(활)_27_10.jpg,멍게(활),,,not_found,240
TL11/A/13/A13014/33/정위/A_13_A13014_멍게비빔밥_33_09.json,A_13_A13014_멍게비빔밥_33_09.jpg,멍게비빔밥,,,not_found,320
TL1/C/02/C02040/19/정위/C_02_C02040_메론빵_19_09.json,C_02_C02040_메론빵_19_09.jpg,메론빵,D202-113000000-0002,크림빵_골든크림메론빵,contains,280
TL1/B/12/B12073/04/측면/B_12_B12073_메밀만두_04_08.json,B_12_B12073_메밀만두_04_08.jpg,메밀만두,,,not_found,90
TL1/A/14/A14049/03/정위/A_14_A14049_메밀소바_03_10.json,A_14_A14049_메밀소바_03_10.jpg,메밀소바,,,not_found,260
TL1/B/12/B12074/10/정위/B_12_B12074_메밀전_10_09.json,B_12_B12074_메밀전_10_09.jpg,메밀전,,,not_found,110
TL1/A/14/A14050/01/정위/A_14_A14050_멘보샤_01_09.json,A_14_A14050_멘보샤_01_09.jpg,멘보샤,,,not_found,240
TL1/B/12/B12075/03/측면/B_12_B12075_멸치국수_03_05.json,B_12_B12075_멸치국수_03_05.jpg,멸치국수,,,not_found,280
TL1/B/11/B11040/14/정위/B_11_B11040_멸치김밥_14_09.json,B_11_B11040_멸치김밥_14_09.jpg,멸치김밥,,,not_found,250
TL1/C/02/C02041/11/정위/C_02_C02041_명란바게트_11_10.json,C_02_C02041_명란바게트_11_10.jpg,명란바게트,,,not_found,200
TL1/A/14/A14051/40/정위/A_14_A14051_명란크림파스타_40_09.json,A_14_A14051_명란크림파스타_40_09.jpg,명란크림파스타,,,not_found,340
TL10/B/12/B12076/03/정위/B_12_B12076_명태조림_03_09.json,B_12_B12076_명태조림_03_09.jpg,명태조림,,,not_found,90
TL12/B/12/B12077/15/정위/B_12_B12077_명태찜_15_10.json,B_12_B12077_명태찜_15_10.jpg,명태찜,,,not_found,120
TL1/B/12/B12078/12/정위/B_12_B12078_모둠순대_12_10.json,B_12_B12078_모둠순대_12_10.jpg,모둠순대,,,not_found,250
TL10/C/01/C01005/09/정위/C_01_C01005_모시떡_09_09.json,C_01_C01005_모시떡_09_09.jpg,모시떡,,,not_found,220
TL1/C/01/C01006/07/정위/C_01_C01006_모시송편_07_10.json,C_01_C01006_모시송편_07_10.jpg,모시송편,,,not_found,270
TL10/C/02/C02042/21/단면/C_02_C02042_모짜렐라핫도그_21_07.json,C_02_C02042_모짜렐라핫도그_21_07.jpg,모짜렐라핫도그,,,not_found,210
TL10/D/10/D10011/28/정위/D_10_D10011_모카라떼(HOT)_28_03.json,D_10_D10011_모카라떼(HOT)_28_03.jpg,모카라떼(HOT),,,not_found,75
TL1/C/02/C02043/09/단면/C_02_C02043_모카번_09_08.json,C_02_C02043_모카번_09_08.jpg,모카번,D202-094000000-0003,번_모카번,contains,270
TL10/D/07/D07013/08/측면/D_07_D07013_모히또_08_01.json,D_07_D07013_모히또_08_01.jpg,모히또,D220-718000000-0001,기타음료_라임 모히또,contains,75
TL1/B/12/B12079/17/정위/B_12_B12079_무뼈닭발_17_10.json,B_12_B12079_무뼈닭발_17_10.jpg,무뼈닭발,,,not_found,250
TL1/C/01/C01007/11/단면/C_01_C01007_무지개떡_11_08.json,C_01_C01007_무지개떡_11_08.jpg,무지개떡,,,not_found,250
TL1/B/12/B12080/01/정위/B_12_B12080_묵밥(묵사발)_01_09.json,B_12_B12080_묵밥(묵사발)_01_09.jpg,묵밥(묵사발),,,not_found,240
TL10/B/12/B12081/09/측면/B_12_B12081_묵은지갈비찜_09_04.json,B_12_B12081_묵은지갈비찜_09_04.jpg,묵은지갈비찜,,,not_found,100
TL1/B/12/B12082/03/측면/B_12_B12082_묵은지감자탕_03_03.json,B_12_B12082_묵은지감자탕_03_03.jpg,묵은지감자탕,,,not_found,140
TL13/B/12/B12083/05/정위/B_12_B12083_묵은지닭볶음탕_05_10.json,B_12_B12083_묵은지닭볶음탕_05_10.jpg,묵은지닭볶음탕,,,not_found,50
TL1/A/13/A13015/08/정위/A_13_A13015_물갈비_08_10.json,A_13_A13015_물갈비_08_10.jpg,물갈비,,,not_found,360
TL1/B/12/B12084/28/정위/B_12_B12084_물밀면_28_09.json,B_12_B12084_물밀면_28_09.jpg,물밀면,,,not_found,210
TL1/A/13/A13016/06/정위/A_13_A13016_물회_06_09.json,A_13_A13016_물회_06_09.jpg,물회,,,not_found,300
TL11/C/06/C06001/17/측면/C_06_C06001_뮤즐리시리얼_17_05.json,C_06_C06001_뮤즐리시리얼_17_05.jpg,뮤즐리시리얼,,,not_found,210
TL10/B/11/B11041/01/정위/B_11_B11041_미니족발_01_10.json,B_11_B11041_미니족발_01_10.jpg,미니족발,,,not_found,100
TL1/A/14/A14052/15/측면/A_14_A14052_미소라멘_15_06.json,A_14_A14052_미소라멘_15_06.jpg,미소라멘,D303-147210000-0001,라멘_미소라멘,contains,350
TL1/D/08/D08006/11/정위/D_08_D08006_미숫가루_11_03.json,D_08_D08006_미숫가루_11_03.jpg,미숫가루,D220-723000000-0035,라떼_귀리 미숫가루 라떼,contains,75
TL1/B/12/B12085/16/정위/B_12_B12085_민물새우튀김_16_09.json,B_12_B12085_민물새우튀김_16_09.jpg,민물새우튀김,,,not_found,240
TL1/D/08/D08007/03/정위/D_08_D08007_민트초코라떼_03_03.json,D_08_D08007_민트초코라떼_03_03.jpg,민트초코라떼,,,not_found,72
TL1/C/02/C02044/10/단면/C_02_C02044_민트초코마카롱_10_08.json,C_02_C02044_민트초코마카롱_10_08.jpg,민트초코마카롱,,,not_found,220
TL1/D/08/D08008/01/정위/D_08_D08008_밀크쉐이크_01_03.json,D_08_D08008_밀크쉐이크_01_03.jpg,밀크쉐이크,D220-737000000-0197,스무디_바닐라밀크쉐이크 (R),contains,81
TL1/C/02/C02045/04/측면/C_02_C02045_밀크크레이프_04_02.json,C_02_C02045_밀크크레이프_04_02.jpg,밀크크레이프,,,not_found,260
TL10/A/14/A14053/08/측면/A_14_A14053_밀푀유나베_08_06.json,A_14_A14053_밀푀유나베_08_06.jpg,밀푀유나베,,,not_found,220
TL10/C/02/C02046/02/정위/C_02_C02046_바게트빵_02_09.json,C_02_C02046_바게트빵_02_09.jpg,바게트빵,,,not_found,240
TL1/D/08/D08009/02/정위/D_08_D08009_바나나쉐이크_02_03.json,D_08_D08009_바나나쉐이크_02_03.jpg,바나나쉐이크,,,not_found,60
TL1/C/02/C02047/01/단면/C_02_C02047_바나나와플_01_08.json,C_02_C02047_바나나와플_01_08.jpg,바나나와플,,,not_found,250
TL10/D/07/D07014/16/측면/D_07_D07014_바나나주스_16_01.json,D_07_D07014_바나나주스_16_01.jpg,바나나주스,,,not_found,69
TL1/D/10/D10042/26/정위/D_10_D10042_바닐라라떼_26_03.json,D_10_D10042_바닐라라떼_26_03.jpg,바닐라라떼,D220-723050000-0001,라떼_바닐라라떼 아이스(ICED),contains,69
TL1/C/02/C02048/07/정위/C_02_C02048_바닐라마카롱_07_09.json,C_02_C02048_바닐라마카롱_07_09.jpg,바닐라마카롱,,,not_found,230
TL1/C/02/C02049/27/정위/C_02_C02049_바닐라머핀_27_10.json,C_02_C02049_바닐라머핀_27_10.jpg,바닐라머핀,,,not_found,270
TL1/C/02/C02050/06/정위/C_02_C02050_바닐라아이스크림와플_06_09.json,C_02_C02050_바닐라아이스크림와플_06_09.jpg,바닐라아이스크림와플,,,not_found,300
TL1/B/12/B12086/01/측면/B_12_B12086_바지락된장찌개_01_04.json,B_12_B12086_바지락된장찌개_01_04.jpg,바지락된장찌개,,,not_found,270
TL1/B/12/B12087/26/측면/B_12_B12087_바지락칼국수_26_06.json,B_12_B12087_바지락칼국수_26_06.jpg,바지락칼국수,,,not_found,220
TL1/B/11/B11042/18/측면/B_11_B11042_바질샌드위치_18_08.json,B_11_B11042_바질샌드위치_18_08.jpg,바질샌드위치,,,not_found,220
TL1/A/14/A14054/28/측면/A_14_A14054_바질크림파스타_28_07.json,A_14_A14054_바질크림파스타_28_07.jpg,바질크림파스타,,,not_found,280
TL1/A/13/A13017/36/정위/A_13_A13017_반계탕_36_09.json,A_13_A13017_반계탕_36_09.jpg,반계탕,,,not_found,350
TL1/B/11/B11043/10/정위/B_11_B11043_반미샌드위치_10_09.json,B_11_B11043_반미샌드위치_10_09.jpg,반미샌드위치,,,not_found,250
TL11/C/01/C01008/14/정위/C_01_C01008_밤떡_14_10.json,C_01_C01008_밤떡_14_10.jpg,밤떡,,,not_found,240
TL1/C/02/C02051/05/측면/C_02_C02051_밤식빵_05_04.json,C_02_C02051_밤식빵_05_04.jpg,밤식빵,D202-100000000-0012,식빵_뜯어먹는밤식빵 (H),contains,240
TL1/A/14/A14055/42/정위/A_14_A14055_버섯리조또_42_09.json,A_14_A14055_버섯리조또_42_09.jpg,버섯리조또,,,not_found,290
TL1/B/12/B12088/06/측면/B_12_B12088_버섯샐러드_06_08.json,B_12_B12088_버섯샐러드_06_08.jpg,버섯샐러드,,,not_found,220
TL1/B/12/B12089/26/측면/B_12_B12089_버섯피자_26_05.json,B_12_B12089_버섯피자_26_05.jpg,버섯피자,,,not_found,270
TL10/A/14/A14056/05/측면/A_14_A14056_버터난_05_08.json,A_14_A14056_버터난_05_08.jpg,버터난,,,not_found,290
TL1/C/02/C02053/02/단면/C_02_C02053_버터크림빵_02_08.json,C_02_C02053_버터크림빵_02_08.jpg,버터크림빵,D302-093000000-0001,버터크림빵,exact,250
TL1/B/12/B12090/01/정위/B_12_B12090_버팔로윙_01_10.json,B_12_B12090_버팔로윙_01_10.jpg,버팔로윙,,,not_found,200
TL1/B/11/B11044/11/측면/B_11_B11044_베이컨샌드위치_11_07.json,B_11_B11044_베이컨샌드위치_11_07.jpg,베이컨샌드위치,,,not_found,230
TL1/B/11/B11045/03/정위/B_11_B11045_베이컨치즈버거_03_09.json,B_11_B11045_베이컨치즈버거_03_09.jpg,베이컨치즈버거,,,not_found,250
TL1/A/14/A14057/10/측면/A_14_A14057_베이컨크림파스타_10_02.json,A_14_A14057_베이컨크림파스타_10_02.jpg,베이컨크림파스타,,,not_found,340
TL1/B/11/B11046/12/정위/B_11_B11046_베이컨토스트_12_10.json,B_11_B11046_베이컨토스트_12_10.jpg,베이컨토스트,,,not_found,250
TL1/B/11/B11047/01/측면/B_11_B11047_베이컨포테이토피자_01_03.json,B_11_B11047_베이컨포테이토피자_01_03.jpg,베이컨포테이토피자,,,not_found,240
TL1/A/14/A14058/25/정위/A_14_A14058_베트남식 볶음면_25_09.json,A_14_A14058_베트남식 볶음면_25_09.jpg,베트남식 볶음면,,,not_found,340
TL1/D/07/D07016/18/정위/D_07_D07016_복숭아아이스티_18_03.json,D_07_D07016_복숭아아이스티_18_03.jpg,복숭아아이스티,,,not_found,69
TL1/A/14/A14059/14/정위/A_14_A14059_볶음쌀국수_14_09.json,A_14_A14059_볶음쌀국수_14_09.jpg,볶음쌀국수,,,not_found,270
TL1/A/14/A14060/17/정위/A_14_A14060_볼로네제토마토파스타_17_09.json,A_14_A14060_볼로네제토마토파스타_17_09.jpg,볼로네제토마토파스타,,,not_found,400
TL1/A/14/A14061/14/측면/A_14_A14061_봉골레파스타_14_08.json,A_14_A14061_봉골레파스타_14_08.jpg,봉골레파스타,,,not_found,390
TL1/B/11/B11048/04/측면/B_11_B11048_부대떡볶이_04_04.json,B_11_B11048_부대떡볶이_04_04.jpg,부대떡볶이,,,not_found,240
TL1/A/14/A14062/28/정위/A_14_A14062_부타동_28_10.json,A_14_A14062_부타동_28_10.jpg,부타동,,,not_found,410
TL1/A/13/A13018/02/정위/A_13_A13018_북어찜_02_10.json,A_13_A13018_북어찜_02_10.jpg,북어찜,,,not_found,400
TL1/A/14/A14063/19/정위/A_14_A14063_분짜_19_09.json,A_14_A14063_분짜_19_09.jpg,분짜,,,not_found,370
TL1/B/11/B11049/07/정위/B_11_B11049_불고기버거_07_09.json,B_11_B11049_불고기버거_07_09.jpg,불고기버거,,,not_found,190
TL1/A/14/A14064/20/정위/A_14_A14064_불고기쌀국수_20_10.json,A_14_A14064_불고기쌀국수_20_10.jpg,불고기쌀국수,,,not_found,230
TL1/B/11/B11050/09/측면/B_11_B11050_불고기컵밥_09_02.json,B_11_B11050_불고기컵밥_09_02.jpg,불고기컵밥,,,not_found,280
TL1/C/02/C02054/11/정위/C_02_C02054_불고기파니니_11_10.json,C_02_C02054_불고기파니니_11_10.jpg,불고기파니니,,,not_found,270
TL1/B/11/B11051/01/정위/B_11_B11051_불고기피자(씬)_01_10.json,B_11_B11051_불고기피자(씬)_01_10.jpg,불고기피자(씬),,,not_found,230
TL11/B/11/B11052/05/정위/B_11_B11052_불고기피자(팬)_05_10.json,B_11_B11052_불고기피자(팬)_05_10.jpg,불고기피자(팬),,,not_found,240
TL11/B/12/B12091/10/측면/B_12_B12091_불낙전골_10_01.json,B_12_B12091_불낙전골_10_01.jpg,불낙전골,,,not_found,150
TL1/B/11/B11053/25/정위/B_11_B11053_불닭마요컵밥_25_09.json,B_11_B11053_불닭마요컵밥_25_09.jpg,불닭마요컵밥,,,not_found,220
TL1/B/12/B12092/09/측면/B_12_B12092_불백(뚝배기불고기)_09_04.json,B_12_B12092_불백(뚝배기불고기)_09_04.jpg,불백(뚝배기불고기),,,not_found,260
TL11/B/12/B12093/01/정위/B_12_B12093_불족발_01_10.json,B_12_B12093_불족발_01_10.jpg,불족발,,,not_found,120
TL1/C/02/C02055/10/정위/C_02_C02055_브라우니_10_10.json,C_02_C02055_브라우니_10_10.jpg,브라우니,D202-110000000-0023,케이크_너트 브라우니,contains,240
TL1/C/04/C04001/22/정위/C_04_C04001_브로콜리수프_22_09.json,C_04_C04001_브로콜리수프_22_09.jpg,브로콜리수프,,,not_found,260
TL11/D/08/D08010/27/측면/D_08_D08010_블랙밀크티_27_02.json,D_08_D08010_블랙밀크티_27_02.jpg,블랙밀크티,,,not_found,69
TL10/D/07/D07017/23/정위/D_07_D07017_블루레몬에이드_23_03.json,D_07_D07017_블루레몬에이드_23_03.jpg,블루레몬에이드,,,not_found,72
TL1/C/02/C02056/04/정위/C_02_C02056_블루베리마카롱_04_10.json,C_02_C02056_블루베리마카롱_04_10.jpg,블루베리마카롱,,,not_found,170
TL1/D/07/D07018/05/측면/D_07_D07018_블루베리스무디_05_01.json,D_07_D07018_블루베리스무디_05_01.jpg,블루베리스무디,,,not_found,75
TL1/C/06/C06002/03/측면/C_06_C06002_블루베리시리얼_03_07.json,C_06_C06002_블루베리시리얼_03_07.jpg,블루베리시리얼,,,not_found,240
TL10/C/02/C02057/05/단면/C_02_C02057_블루베리파이_05_08.json,C_02_C02057_블루베리파이_05_08.jpg,블루베리파이,,,not_found,200
TL1/B/12/B12094/20/측면/B_12_B12094_비빔막국수_20_02.json,B_12_B12094_비빔막국수_20_02.jpg,비빔막국수,,,not_found,240
TL1/B/12/B12095/03/측면/B_12_B12095_비빔밀면_03_03.json,B_12_B12095_비빔밀면_03_03.jpg,비빔밀면,,,not_found,260
TL1/A/14/A14065/04/정위/A_14_A14065_비스마르크피자_04_10.json,A_14_A14065_비스마르크피자_04_10.jpg,비스마르크피자,,,not_found,380
TL1/B/12/B12096/01/정위/B_12_B12096_비프샐러드_01_10.json,B_12_B12096_비프샐러드_01_10.jpg,비프샐러드,,,not_found,260
TL1/B/12/B12097/03/측면/B_12_B12097_빈대떡_03_08.json,B_12_B12097_빈대떡_03_08.jpg,빈대떡,,,not_found,240
TL1/C/01/C01009/03/측면/C_01_C01009_빙떡_03_06.json,C_01_C01009_빙떡_03_06.jpg,빙떡,,,not_found,220
TL1/A/14/A14066/03/정위/A_14_A14066_빠네로제파스타_03_10.json,A_14_A14066_빠네로제파스타_03_10.jpg,빠네로제파스타,,,not_found,420
TL10/A/14/A14067/25/정위/A_14_A14067_빠네크림파스타_25_09.json,A_14_A14067_빠네크림파스타_25_09.jpg,빠네크림파스타,,,not_found,240
TL1/B/11/B11054/03/정위/B_11_B11054_빨간참치김밥_03_10.json,B_11_B11054_빨간참치김밥_03_10.jpg,빨간참치김밥,,,not_found,220
TL1/B/12/B12098/18/측면/B_12_B12098_빨계떡_18_04.json,B_12_B12098_빨계떡_18_04.jpg,빨계떡,,,not_found,190
TL12/C/02/C02058/02/단면/C_02_C02058_빨미까레_02_07.json,C_02_C02058_빨미까레_02_07.jpg,빨미까레,D202-116000000-0035,파이/만주_빨미까레 녹차,contains,240
TL1/D/07/D07019/09/측면/D_07_D07019_사과주스_09_01.json,D_07_D07019_사과주스_09_01.jpg,사과주스,,,not_found,51
TL1/A/14/A14068/03/정위/A_14_A14068_사천볶음쌀국수_03_09.json,A_14_A14068_사천볶음쌀국수_03_09.jpg,사천볶음쌀국수,,,not_found,320
TL1/A/14/A14069/12/정위/A_14_A14069_사천탕수육_12_09.json,A_14_A14069_사천탕수육_12_09.jpg,사천탕수육,,,not_found,290
TL11/A/13/A13019/27/측면/A_13_A13019_산낙지회_27_01.json,A_13_A13019_산낙지회_27_01.jpg,산낙지회,,,not_found,250
TL1/A/14/A14070/06/측면/A_14_A14070_삼겹살스테이크_06_06.json,A_14_A14070_삼겹살스테이크_06_06.jpg,삼겹살스테이크,,,not_found,370
TL10/C/03/C03154/30/정위/C_03_C03154_삼계전복죽_30_09.json,C_03_C03154_삼계전복죽_30_09.jpg,삼계전복죽,,,not_found,260
TL10/B/12/B12099/12/정위/B_12_B12099_삼선간짜장_12_09.json,B_12_B12099_삼선간짜장_12_09.jpg,삼선간짜장,,,not_found,120
TL1/B/12/B12100/03/정위/B_12_B12100_삼치구이_03_09.json,B_12_B12100_삼치구이_03_09.jpg,삼치구이,,,not_found,220
TL10/A/14/A14081/29/측면/A_14_A14081_새우(쉬림프)부리또_29_05.json,A_14_A14081_새우(쉬림프)부리또_29_05.jpg,새우(쉬림프)부리또,,,not_found,360
TL10/C/02/C02059/31/정위/C_02_C02059_새우고로케_31_10.json,C_02_C02059_새우고로케_31_10.jpg,새우고로케,,,not_found,240
TL1/B/11/B11055/12/측면/B_11_B11055_새우김밥_12_08.json,B_11_B11055_새우김밥_12_08.jpg,새우김밥,,,not_found,270
TL10/A/14/A14071/18/정위/A_14_A14071_새우로제파스타_18_09.json,A_14_A14071_새우로제파스타_18_09.jpg,새우로제파스타,,,not_found,260
TL1/B/12/B12101/27/정위/B_12_B12101_새우만두_27_09.json,B_12_B12101_새우만두_27_09.jpg,새우만두,,,not_found,240
TL1/B/11/B11056/04/측면/B_11_B11056_새우버거_04_02.json,B_11_B11056_새우버거_04_02.jpg,새우버거,,,not_found,260
TL1/B/11/B11057/13/측면/B_11_B11057_새우볼_13_08.json,B_11_B11057_새우볼_13_08.jpg,새우볼,,,not_found,270
TL1/B/11/B11058/23/측면/B_11_B11058_새우샌드위치_23_04.json,B_11_B11058_새우샌드위치_23_04.jpg,새우샌드위치,,,not_found,210
TL1/A/14/A14072/31/정위/A_14_A14072_새우샤오롱바오_31_10.json,A_14_A14072_새우샤오롱바오_31_10.jpg,새우샤오롱바오,,,not_found,430
TL1/A/14/A14073/01/정위/A_14_A14073_새우오일파스타_01_09.json,A_14_A14073_새우오일파스타_01_09.jpg,새우오일파스타,,,not_found,270
TL10/B/12/B12102/11/측면/B_12_B12102_새우장초밥_11_06.json,B_12_B12102_새우장초밥_11_06.jpg,새우장초밥,,,not_found,270
TL1/A/14/A14074/02/정위/A_14_A14074_새우크림파스타_02_10.json,A_14_A14074_새우크림파스타_02_10.jpg,새우크림파스타,,,not_found,240
TL1/A/14/A14075/13/정위/A_14_A14075_새우토마토스파게티_13_10.json,A_14_A14075_새우토마토스파게티_13_10.jpg,새우토마토스파게티,,,not_found,240
TL1/B/11/B11059/23/측면/B_11_B11059_새우토스트_23_06.json,B_11_B11059_새우토스트_23_06.jpg,새우토스트,,,not_found,240
TL10/B/12/B12103/22/측면/B_12_B12103_새우튀김우동_22_02.json,B_12_B12103_새우튀김우동_22_02.jpg,새우튀김우동,,,not_found,220
TL1/B/11/B11060/27/측면/B_11_B11060_새우피자(씬)_27_04.json,B_11_B11060_새우피자(씬)_27_04.jpg,새우피자(씬),,,not_found,240
TL1/B/11/B11061/17/측면/B_11_B11061_새우피자(팬)_17_04.json,B_11_B11061_새우피자(팬)_17_04.jpg,새우피자(팬),,,not_found,210
TL11/C/02/C02060/07/정위/C_02_C02060_생딸기와플_07_10.json,C_02_C02060_생딸기와플_07_10.jpg,생딸기와플,,,not_found,240
TL1/C/02/C02061/33/단면/C_02_C02061_생크림식빵_33_07.json,C_02_C02061_생크림식빵_33_07.jpg,생크림식빵,,,not_found,260
TL1/C/02/C02062/06/단면/C_02_C02062_생크림와플_06_07.json,C_02_C02062_생크림와플_06_07.jpg,생크림와플,,,not_found,230
TL1/C/02/C02063/01/정위/C_02_C02063_생크림케이크_01_09.json,C_02_C02063_생크림케이크_01_09.jpg,생크림케이크,D102-110210000-0001,케이크_생크림케이크,contains,260
TL1/C/02/C02064/26/단면/C_02_C02064_생크림크로플_26_08.json,C_02_C02064_생크림크로플_26_08.jpg,생크림크로플,,,not_found,250
TL1/B/12/B12104/14/측면/B_12_B12104_생태찌개_14_06.json,B_12_B12104_생태찌개_14_06.jpg,생태찌개,,,not_found,150
TL1/A/14/A14076/27/측면/A_14_A14076_샤오롱바오_27_05.json,A_14_A14076_샤오롱바오_27_05.jpg,샤오롱바오,,,not_found,400
TL1/B/12/B12105/02/측면/B_12_B12105_석갈비_02_01.json,B_12_B12105_석갈비_02_01.jpg,석갈비,,,not_found,120
TL1/A/14/A14077/02/정위/A_14_A14077_소갈비살꼬지_02_10.json,A_14_A14077_소갈비살꼬지_02_10.jpg,소갈비살꼬지,,,not_found,360
TL1/B/12/B12106/02/정위/B_12_B12106_소고기간_02_10.json,B_12_B12106_소고기간_02_10.jpg,소고기간,,,not_found,100
TL1/A/14/A14078/23/측면/A_14_A14078_소고기부리또_23_01.json,A_14_A14078_소고기부리또_23_01.jpg,소고기부리또,,,not_found,290
TL1/B/12/B12107/01/정위/B_12_B12107_소고기초밥_01_10.json,B_12_B12107_소고기초밥_01_10.jpg,소고기초밥,,,not_found,230
TL1/A/14/A14079/05/정위/A_14_A14079_소고기퀘사디아_05_10.json,A_14_A14079_소고기퀘사디아_05_10.jpg,소고기퀘사디아,,,not_found,370
TL1/B/12/B12108/02/정위/B_12_B12108_소고기타다끼초밥_02_09.json,B_12_B12108_소고기타다끼초밥_02_09.jpg,소고기타다끼초밥,,,not_found,230
TL1/A/14/A14080/03/정위/A_14_A14080_소고기타코_03_10.json,A_14_A14080_소고기타코_03_10.jpg,소고기타코,,,not_found,340
TL11/A/14/A14082/33/측면/A_14_A14082_소곱창쌀국수_33_03.json,A_14_A14082_소곱창쌀국수_33_03.jpg,소곱창쌀국수,,,not_found,260
TL1/C/02/C02065/08/단면/C_02_C02065_소금빵_08_07.json,C_02_C02065_소금빵_08_07.jpg,소금빵,D202-092000000-0003,버터빵_고메소금빵,contains,260
TL1/A/14/A14083/03/정위/A_14_A14083_소대창쌀국수_03_09.json,A_14_A14083_소대창쌀국수_03_09.jpg,소대창쌀국수,,,not_found,310
TL1/C/01/C01010/26/정위/C_01_C01010_소떡소떡_26_10.json,C_01_C01010_소떡소떡_26_10.jpg,소떡소떡,D212-552000000-0002,떡강정_매콤치즈 소떡소떡,contains,230
TL1/A/13/A13020/30/정위/A_13_A13020_소라숙회_30_09.json,A_13_A13020_소라숙회_30_09.jpg,소라숙회,,,not_found,230
TL10/C/02/C02066/31/측면/C_02_C02066_소보루빵_31_05.json,C_02_C02066_소보루빵_31_05.jpg,소보루빵,D202-097000000-0015,소보로빵_소보루빵,contains,240
TL10/C/02/C02067/32/정위/C_02_C02067_소세지크로와상_32_09.json,C_02_C02067_소세지크로와상_32_09.jpg,소세지크로와상,,,not_found,260
TL10/C/06/C06008/13/측면/C_06_C06008_소시지(프랑크)_13_01.json,C_06_C06008_소시지(프랑크)_13_01.jpg,소시지(프랑크),,,not_found,240
TL1/C/02/C02068/20/단면/C_02_C02068_소시지고로케_20_07.json,C_02_C02068_소시지고로케_20_07.jpg,소시지고로케,,,not_found,230
TL1/C/02/C02069/01/단면/C_02_C02069_소시지빵_01_08.json,C_02_C02069_소시지빵_01_08.jpg,소시지빵,D202-098000000-0003,소세지빵_든든한통소시지빵,contains,210
TL1/A/14/A14084/04/정위/A_14_A14084_소유라멘_04_10.json,A_14_A14084_소유라멘_04_10.jpg,소유라멘,,,not_found,290
TL1/A/14/A14085/04/측면/A_14_A14085_소힘줄(스지) 쌀국수_04_03.json,A_14_A14085_소힘줄(스지) 쌀국수_04_03.jpg,소힘줄(스지) 쌀국수,,,not_found,220
TL1/C/04/C04002/21/측면/C_04_C04002_쇠고기수프_21_05.json,C_04_C04002_쇠고기수프_21_05.jpg,쇠고기수프,,,not_found,230
TL10/C/03/C03155/10/정위/C_03_C03155_쇠고기죽_10_09.json,C_03_C03155_쇠고기죽_10_09.jpg,쇠고기죽,,,not_found,210
TL1/D/07/D07020/10/측면/D_07_D07020_수박주스_10_02.json,D_07_D07020_수박주스_10_02.jpg,수박주스,,,not_found,78
TL1/B/12/B12109/03/측면/B_12_B12109_순대전골_03_04.json,B_12_B12109_순대전골_03_04.jpg,순대전골,,,not_found,270
TL1/B/12/B12110/11/정위/B_12_B12110_순두부짬뽕_11_10.json,B_12_B12110_순두부짬뽕_11_10.jpg,순두부짬뽕,,,not_found,130
TL1/B/11/B11062/04/측면/B_11_B11062_순살간장반후라이드반치킨_04_07.json,B_11_B11062_순살간장반후라이드반치킨_04_07.jpg,순살간장반후라이드반치킨,,,not_found,270
TL10/B/11/B11063/09/정위/B_11_B11063_순살간장치킨_09_10.json,B_11_B11063_순살간장치킨_09_10.jpg,순살간장치킨,,,not_found,190
TL1/B/11/B11064/27/정위/B_11_B11064_순살간장파닭_27_10.json,B_11_B11064_순살간장파닭_27_10.jpg,순살간장파닭,,,not_found,260
TL1/B/11/B11065/19/정위/B_11_B11065_순살깐풍치킨_19_10.json,B_11_B11065_순살깐풍치킨_19_10.jpg,순살깐풍치킨,,,not_found,250
TL1/B/11/B11066/11/측면/B_11_B11066_순살로제치킨_11_04.json,B_11_B11066_순살로제치킨_11_04.jpg,순살로제치킨,,,not_found,210
TL1/B/11/B11067/07/정위/B_11_B11067_순살마늘치킨_07_10.json,B_11_B11067_순살마늘치킨_07_10.jpg,순살마늘치킨,,,not_found,220
TL1/B/11/B11068/06/정위/B_11_B11068_순살마요치킨_06_10.json,B_11_B11068_순살마요치킨_06_10.jpg,순살마요치킨,,,not_found,240
TL1/B/11/B11069/07/정위/B_11_B11069_순살양념반간장반치킨_07_10.json,B_11_B11069_순살양념반간장반치킨_07_10.jpg,순살양념반간장반치킨,,,not_found,280
TL1/B/11/B11070/07/측면/B_11_B11070_순살양념반후라이드반치킨_07_03.json,B_11_B11070_순살양념반후라이드반치킨_07_03.jpg,순살양념반후라이드반치킨,,,not_found,260
TL12/B/11/B11071/04/정위/B_11_B11071_순살양념치킨_04_10.json,B_11_B11071_순살양념치킨_04_10.jpg,순살양념치킨,,,not_found,210
TL10/B/11/B11072/03/정위/B_11_B11072_순살양념파닭_03_09.json,B_11_B11072_순살양념파닭_03_09.jpg,순살양념파닭,,,not_found,260
TL1/B/11/B11073/26/측면/B_11_B11073_순살어니언치킨_26_03.json,B_11_B11073_순살어니언치킨_26_03.jpg,순살어니언치킨,,,not_found,210
TL1/B/11/B11074/03/측면/B_11_B11074_순살크림(크리미)치킨_03_02.json,B_11_B11074_순살크림(크리미)치킨_03_02.jpg,순살크림(크리미)치킨,,,not_found,220
TL1/B/11/B11075/15/측면/B_11_B11075_순살파닭_15_08.json,B_11_B11075_순살파닭_15_08.jpg,순살파닭,,,not_found,270
TL1/B/11/B11076/06/정위/B_11_B11076_순살후라이드치킨_06_10.json,B_11_B11076_순살후라이드치킨_06_10.jpg,순살후라이드치킨,,,not_found,230
TL10/B/11/B11077/09/정위/B_11_B11077_순살훈제양념치킨_09_10.json,B_11_B11077_순살훈제양념치킨_09_10.jpg,순살훈제양념치킨,,,not_found,200
TL1/A/13/A13021/20/정위/A_13_A13021_술국_20_10.json,A_13_A13021_술국_20_10.jpg,술국,,,not_found,260
TL10/C/01/C01011/21/정위/C_01_C01011_술떡_21_10.json,C_01_C01011_술떡_21_10.jpg,술떡,,,not_found,240
TL10/C/02/C02101/29/측면/C_02_C02101_슈크림붕어빵_29_06.json,C_02_C02101_슈크림붕어빵_29_06.jpg,슈크림붕어빵,,,not_found,270
TL10/C/02/C02070/17/단면/C_02_C02070_슈크림빵_17_07.json,C_02_C02070_슈크림빵_17_07.jpg,슈크림빵,D202-113000000-0022,크림빵_슈크림빵,contains,230
TL1/C/02/C02071/18/정위/C_02_C02071_슈크림크로와상_18_09.json,C_02_C02071_슈크림크로와상_18_09.jpg,슈크림크로와상,,,not_found,260
TL10/B/11/B11078/12/측면/B_11_B11078_스팸김밥_12_01.json,B_11_B11078_스팸김밥_12_01.jpg,스팸김밥,,,not_found,260
TL1/B/11/B11079/04/정위/B_11_B11079_스팸김치컵밥_04_09.json,B_11_B11079_스팸김치컵밥_04_09.jpg,스팸김치컵밥,,,not_found,240
TL1/D/10/D10012/25/측면/D_10_D10012_시나몬라떼(HOT)_25_01.json,D_10_D10012_시나몬라떼(HOT)_25_01.jpg,시나몬라떼(HOT),,,not_found,72
TL1/C/02/C02072/07/정위/C_02_C02072_시나몬롤_07_09.json,C_02_C02072_시나몬롤_07_09.jpg,시나몬롤,D202-084000000-0001,롤빵_달콤한크림치즈시나몬롤,contains,240
TL1/C/02/C02073/19/정위/C_02_C02073_시나몬크로플_19_09.json,C_02_C02073_시나몬크로플_19_09.jpg,시나몬크로플,,,not_found,250
TL1/B/12/B12111/16/측면/B_12_B12111_시래기해장국_16_04.json,B_12_B12111_시래기해장국_16_04.jpg,시래기해장국,,,not_found,210
TL10/A/14/A14086/01/정위/A_14_A14086_시오라멘_01_10.json,A_14_A14086_시오라멘_01_10.jpg,시오라멘,,,not_found,360
TL1/A/14/A14087/42/측면/A_14_A14087_시카고피자_42_07.json,A_14_A14087_시카고피자_42_07.jpg,시카고피자,,,not_found,300
TL10/D/09/D09003/07/정위/D_09_D09003_식혜_07_03.json,D_09_D09003_식혜_07_03.jpg,식혜,,,not_found,69
TL1/A/14/A14088/02/정위/A_14_A14088_쏨땀_02_10.json,A_14_A14088_쏨땀_02_10.jpg,쏨땀,,,not_found,330
TL1/C/01/C01012/06/단면/C_01_C01012_쑥떡_06_08.json,C_01_C01012_쑥떡_06_08.jpg,쑥떡,D202-104000000-0001,찰떡빵_쑥떡쑥떡콩쑥이,contains,180
TL1/C/01/C01013/10/측면/C_01_C01013_쑥버무리_10_05.json,C_01_C01013_쑥버무리_10_05.jpg,쑥버무리,,,not_found,250
TL11/C/01/C01014/18/단면/C_01_C01014_씨앗호떡_18_08.json,C_01_C01014_씨앗호떡_18_08.jpg,씨앗호떡,,,not_found,240
TL1/A/14/A14089/02/측면/A_14_A14089_아라비아따파스타_02_02.json,A_14_A14089_아라비아따파스타_02_02.jpg,아라비아따파스타,,,not_found,310
TL1/D/10/D10013/30/정위/D_10_D10013_아메리카노(HOT)_30_03.json,D_10_D10013_아메리카노(HOT)_30_03.jpg,아메리카노(HOT),,,not_found,72
TL1/C/06/C06010/14/측면/C_06_C06010_아몬드시리얼_14_06.json,C_06_C06010_아몬드시리얼_14_06.jpg,아몬드시리얼,,,not_found,240
TL1/C/02/C02074/22/단면/C_02_C02074_아몬드크로와상_22_07.json,C_02_C02074_아몬드크로와상_22_07.jpg,아몬드크로와상,,,not_found,210
TL1/A/13/A13022/10/정위/A_13_A13022_아바이순대_10_10.json,A_13_A13022_아바이순대_10_10.jpg,아바이순대,,,not_found,380
TL1/B/11/B11080/04/정위/B_11_B11080_아보카도샌드위치_04_09.json,B_11_B11080_아보카도샌드위치_04_09.jpg,아보카도샌드위치,,,not_found,240
TL10/D/10/D10014/02/측면/D_10_D10014_아샷추_02_01.json,D_10_D10014_아샷추_02_01.jpg,아샷추,D220-740000000-0030,아이스티_디카페인 아샷추 아이스티,contains,72
TL1/D/10/D10015/10/측면/D_10_D10015_아이스돌체라떼_10_01.json,D_10_D10015_아이스돌체라떼_10_01.jpg,아이스돌체라떼,,,not_found,78
TL1/D/10/D10016/16/정위/D_10_D10016_아이스모카라떼_16_03.json,D_10_D10016_아이스모카라떼_16_03.jpg,아이스모카라떼,,,not_found,72
TL10/D/10/D10017/16/측면/D_10_D10017_아이스시나몬라떼_16_02.json,D_10_D10017_아이스시나몬라떼_16_02.jpg,아이스시나몬라떼,,,not_found,75
TL10/D/10/D10018/02/측면/D_10_D10018_아이스아메리카노_02_01.json,D_10_D10018_아이스아메리카노_02_01.jpg,아이스아메리카노,,,not_found,69
TL1/D/08/D08011/07/측면/D_08_D08011_아이스초코_07_02.json,D_08_D08011_아이스초코_07_02.jpg,아이스초코,D220-749000000-0007,코코아_아이스초코 아이스(ICED),contains,90
TL10/D/10/D10019/19/측면/D_10_D10019_아이스초코라떼_19_02.json,D_10_D10019_아이스초코라떼_19_02.jpg,아이스초코라떼,,,not_found,75
TL1/D/10/D10020/06/정위/D_10_D10020_아이스초코모카라떼_06_03.json,D_10_D10020_아이스초코모카라떼_06_03.jpg,아이스초코모카라떼,,,not_found,75
TL1/D/10/D10021/05/정위/D_10_D10021_아이스카라멜마끼아또_05_03.json,D_10_D10021_아이스카라멜마끼아또_05_03.jpg,아이스카라멜마끼아또,,,not_found,72
TL1/D/10/D10022/05/정위/D_10_D10022_아이스카페라떼_05_03.json,D_10_D10022_아이스카페라떼_05_03.jpg,아이스카페라떼,,,not_found,81
TL1/D/10/D10023/15/측면/D_10_D10023_아이스카푸치노_15_01.json,D_10_D10023_아이스카푸치노_15_01.jpg,아이스카푸치노,,,not_found,78
TL1/D/10/D10024/25/정위/D_10_D10024_아이스코코넛라떼_25_03.json,D_10_D10024_아이스코코넛라떼_25_03.jpg,아이스코코넛라떼,,,not_found,81
TL1/C/02/C02075/24/단면/C_02_C02075_아이스크림와플_24_07.json,C_02_C02075_아이스크림와플_24_07.jpg,아이스크림와플,,,not_found,230
TL1/C/02/C02076/13/정위/C_02_C02076_아이스크림크로플_13_10.json,C_02_C02076_아이스크림크로플_13_10.jpg,아이스크림크로플,,,not_found,250
TL1/D/10/D10025/08/측면/D_10_D10025_아이스토피넛라떼_08_01.json,D_10_D10025_아이스토피넛라떼_08_01.jpg,아이스토피넛라떼,,,not_found,66
TL1/D/10/D10026/12/측면/D_10_D10026_아이스티라미수라떼_12_01.json,D_10_D10026_아이스티라미수라떼_12_01.jpg,아이스티라미수라떼,,,not_found,69
TL10/D/10/D10027/08/정위/D_10_D10027_아이스헤이즐넛라떼_08_03.json,D_10_D10027_아이스헤이즐넛라떼_08_03.jpg,아이스헤이즐넛라떼,,,not_found,66
TL11/D/10/D10028/09/측면/D_10_D10028_아이스헤이즐넛아메리카노_09_01.json,D_10_D10028_아이스헤이즐넛아메리카노_09_01.jpg,아이스헤이즐넛아메리카노,,,not_found,72
TL11/D/10/D10029/17/정위/D_10_D10029_아포가토_17_03.json,D_10_D10029_아포가토_17_03.jpg,아포가토,D219-711000000-0045,아이스크림_리코타치즈 아포가토,contains,78
TL1/A/13/A13023/38/정위/A_13_A13023_알내장탕_38_09.json,A_13_A13023_알내장탕_38_09.jpg,알내장탕,,,not_found,350
TL1/A/14/A14090/22/측면/A_14_A14090_알리오올리오파스타_22_05.json,A_14_A14090_알리오올리오파스타_22_05.jpg,알리오올리오파스타,,,not_found,320
TL1/C/01/C01015/13/단면/C_01_C01015_앙금절편_13_08.json,C_01_C01015_앙금절편_13_08.jpg,앙금절편,,,not_found,250
TL1/C/02/C02077/07/단면/C_02_C02077_앙버터치아바타_07_08.json,C_02_C02077_앙버터치아바타_07_08.jpg,앙버터치아바타,,,not_found,200
TL1/C/02/C02078/16/단면/C_02_C02078_앙버터크로와상_16_08.json,C_02_C02078_앙버터크로와상_16_08.jpg,앙버터크로와상,,,not_found,230
TL1/C/02/C02079/22/정위/C_02_C02079_앙버터호두과자_22_10.json,C_02_C02079_앙버터호두과자_22_10.jpg,앙버터호두과자,,,not_found,240
TL1/C/02/C02080/10/단면/C_02_C02080_애플크럼블_10_07.json,C_02_C02080_애플크럼블_10_07.jpg,애플크럼블,,,not_found,240
TL1/C/02/C02081/09/단면/C_02_C02081_애플파이_09_07.json,C_02_C02081_애플파이_09_07.jpg,애플파이,D202-116000000-0015,파이/만주_미니애플파이,contains,260
TL1/B/12/B12112/01/측면/B_12_B12112_야끼만두_01_01.json,B_12_B12112_야끼만두_01_01.jpg,야끼만두,,,not_found,270
TL10/C/02/C02082/24/정위/C_02_C02082_야채고로케_24_09.json,C_02_C02082_야채고로케_24_09.jpg,야채고로케,,,not_found,260
TL1/B/12/B12113/09/측면/B_12_B12113_야채곱창볶음_09_02.json,B_12_B12113_야채곱창볶음_09_02.jpg,야채곱창볶음,,,not_found,230
TL1/C/02/C02124/05/정위/C_02_C02124_야채호빵_05_10.json,C_02_C02124_야채호빵_05_10.jpg,야채호빵,,,not_found,240
TL1/C/01/C01016/10/정위/C_01_C01016_약밥_10_09.json,C_01_C01016_약밥_10_09.jpg,약밥,,,not_found,220
TL1/A/14/A14091/08/측면/A_14_A14091_양갈비살꼬치_08_08.json,A_14_A14091_양갈비살꼬치_08_08.jpg,양갈비살꼬치,,,not_found,340
TL1/A/14/A14092/18/측면/A_14_A14092_양꼬치_18_01.json,A_14_A14092_양꼬치_18_01.jpg,양꼬치,,,not_found,330
TL1/C/06/C06011/02/정위/C_06_C06011_양념닭가슴살_02_09.json,C_06_C06011_양념닭가슴살_02_09.jpg,양념닭가슴살,,,not_found,230
TL1/B/11/B11081/18/측면/B_11_B11081_양념반간장반치킨(뼈)_18_06.json,B_11_B11081_양념반간장반치킨(뼈)_18_06.jpg,양념반간장반치킨(뼈),,,not_found,260
TL1/B/11/B11082/07/정위/B_11_B11082_양념반후라이드반치킨(뼈)_07_09.json,B_11_B11082_양념반후라이드반치킨(뼈)_07_09.jpg,양념반후라이드반치킨(뼈),,,not_found,260
TL10/C/04/C04003/05/측면/C_04_C04003_양송이수프_05_03.json,C_04_C04003_양송이수프_05_03.jpg,양송이수프,,,not_found,260
TL1/A/14/A14093/03/측면/A_14_A14093_양장피_03_08.json,A_14_A14093_양장피_03_08.jpg,양장피,,,not_found,310
TL1/A/14/A14094/02/정위/A_14_A14094_양지쌀국수_02_10.json,A_14_A14094_양지쌀국수_02_10.jpg,양지쌀국수,,,not_found,310
TL1/B/12/B12114/11/측면/B_12_B12114_양평해장국_11_08.json,B_12_B12114_양평해장국_11_08.jpg,양평해장국,,,not_found,190
TL1/B/12/B12115/03/정위/B_12_B12115_어니언링_03_10.json,B_12_B12115_어니언링_03_10.jpg,어니언링,,,not_found,130
TL1/A/14/A14095/25/정위/A_14_A14095_어니언베이컨피자_25_10.json,A_14_A14095_어니언베이컨피자_25_10.jpg,어니언베이컨피자,,,not_found,350
TL1/B/11/B11083/01/정위/B_11_B11083_어니언치킨(뼈)_01_09.json,B_11_B11083_어니언치킨(뼈)_01_09.jpg,어니언치킨(뼈),,,not_found,250
TL1/B/12/B12116/15/정위/B_12_B12116_어묵튀김_15_09.json,B_12_B12116_어묵튀김_15_09.jpg,어묵튀김,,,not_found,240
TL1/A/13/A13024/11/정위/A_13_A13024_어탕국수_11_09.json,A_13_A13024_어탕국수_11_09.jpg,어탕국수,,,not_found,280
TL1/D/09/D09004/27/측면/D_09_D09004_얼그레이_27_02.json,D_09_D09004_얼그레이_27_02.jpg,얼그레이,D202-078000000-0009,기타빵_얼그레이 까눌레,contains,75
TL11/C/02/C02083/01/정위/C_02_C02083_얼그레이까눌레_01_10.json,C_02_C02083_얼그레이까눌레_01_10.jpg,얼그레이까눌레,,,not_found,220
TL1/C/02/C02084/02/정위/C_02_C02084_얼그레이마카롱_02_09.json,C_02_C02084_얼그레이마카롱_02_09.jpg,얼그레이마카롱,,,not_found,240
TL1/D/08/D08012/03/측면/D_08_D08012_얼그레이밀크티_03_02.json,D_08_D08012_얼그레이밀크티_03_02.jpg,얼그레이밀크티,D202-110000000-0365,케이크_투썸얼그레이밀크티쉬폰 케이크 (조각),contains,63
TL1/B/12/B12117/11/정위/B_12_B12117_얼큰칼국수_11_09.json,B_12_B12117_얼큰칼국수_11_09.jpg,얼큰칼국수,,,not_found,240
TL1/A/13/A13025/04/측면/A_13_A13025_얼큰황태우거지탕_04_05.json,A_13_A13025_얼큰황태우거지탕_04_05.jpg,얼큰황태우거지탕,,,not_found,310
TL1/B/11/B11084/05/정위/B_11_B11084_에그마요샌드위치_05_09.json,B_11_B11084_에그마요샌드위치_05_09.jpg,에그마요샌드위치,,,not_found,220
TL1/B/11/B11085/08/정위/B_11_B11085_에그샌드위치_08_10.json,B_11_B11085_에그샌드위치_08_10.jpg,에그샌드위치,,,not_found,240
TL1/C/02/C02085/21/정위/C_02_C02085_에그타르트_21_09.json,C_02_C02085_에그타르트_21_09.jpg,에그타르트,D202-114000000-0008,타르트_소프트 에그타르트,contains,240
TL1/A/14/A14096/12/측면/A_14_A14096_에비(텐)동_12_04.json,A_14_A14096_에비(텐)동_12_04.jpg,에비(텐)동,,,not_found,380
TL1/A/14/A14097/11/측면/A_14_A14097_에비카츠_11_05.json,A_14_A14097_에비카츠_11_05.jpg,에비카츠,,,not_found,320
TL10/D/10/D10030/26/정위/D_10_D10030_에스프레소_26_03.json,D_10_D10030_에스프레소_26_03.jpg,에스프레소,D219-711000000-0136,아이스크림_에스프레소 (더블),contains,72
TL1/B/12/B12118/11/측면/B_12_B12118_연어롤_11_04.json,B_12_B12118_연어롤_11_04.jpg,연어롤,,,not_found,250
TL1/B/12/B12119/08/측면/B_12_B12119_연어샐러드_08_03.json,B_12_B12119_연어샐러드_08_03.jpg,연어샐러드,,,not_found,240
TL1/A/14/A14098/08/정위/A_14_A14098_연어포케_08_09.json,A_14_A14098_연어포케_08_09.jpg,연어포케,,,not_found,370
TL11/B/12/B12120/08/측면/B_12_B12120_연어회덮밥_08_03.json,B_12_B12120_연어회덮밥_08_03.jpg,연어회덮밥,,,not_found,240
TL1/D/08/D08013/28/측면/D_08_D08013_연유라떼_28_02.json,D_08_D08013_연유라떼_28_02.jpg,연유라떼,,,not_found,78
TL1/C/02/C02086/18/단면/C_02_C02086_연유빵_18_08.json,C_02_C02086_연유빵_18_08.jpg,연유빵,,,not_found,220
TL1/C/02/C02087/13/정위/C_02_C02087_연유크림빵_13_10.json,C_02_C02087_연유크림빵_13_10.jpg,연유크림빵,D202-113000000-0050,크림빵_후레쉬연유크림빵,contains,250
TL1/C/01/C01002/14/단면/C_01_C01002_영양떡_14_08.json,C_01_C01002_영양떡_14_08.jpg,영양떡,,,not_found,280
TL1/B/11/B11086/11/정위/B_11_B11086_옛날통닭_11_10.json,B_11_B11086_옛날통닭_11_10.jpg,옛날통닭,,,not_found,240
TL1/D/08/D08014/07/측면/D_08_D08014_오곡라떼_07_02.json,D_08_D08014_오곡라떼_07_02.jpg,오곡라떼,,,not_found,78
TL10/B/12/B12121/18/정위/B_12_B12121_오돌뼈볶음_18_10.json,B_12_B12121_오돌뼈볶음_18_10.jpg,오돌뼈볶음,,,not_found,260
TL1/C/06/C06003/06/정위/C_06_C06003_오레오시리얼_06_10.json,C_06_C06003_오레오시리얼_06_10.jpg,오레오시리얼,,,not_found,240
TL10/D/07/D07021/10/정위/D_07_D07021_오렌지에이드_10_03.json,D_07_D07021_오렌지에이드_10_03.jpg,오렌지에이드,,,not_found,72
TL1/C/01/C01017/08/단면/C_01_C01017_오메기떡_08_07.json,C_01_C01017_오메기떡_08_07.jpg,오메기떡,,,not_found,220
TL1/A/14/A14099/03/정위/A_14_A14099_오일파스타_03_10.json,A_14_A14099_오일파스타_03_10.jpg,오일파스타,,,not_found,330
TL1/B/12/B12122/02/정위/B_12_B12122_오징어순대_02_10.json,B_12_B12122_오징어순대_02_10.jpg,오징어순대,,,not_found,100
TL1/A/13/A13026/19/정위/A_13_A13026_오징어회_19_09.json,A_13_A13026_오징어회_19_09.jpg,오징어회,,,not_found,260
TL1/A/14/A14100/03/정위/A_14_A14100_오코노미야끼_03_10.json,A_14_A14100_오코노미야끼_03_10.jpg,오코노미야끼,,,not_found,310
TL1/C/06/C06004/07/측면/C_06_C06004_오트밀시리얼_07_08.json,C_06_C06004_오트밀시리얼_07_08.jpg,오트밀시리얼,,,not_found,240
TL1/C/02/C02088/11/정위/C_02_C02088_오트밀식빵_11_09.json,C_02_C02088_오트밀식빵_11_09.jpg,오트밀식빵,,,not_found,240
TL1/A/14/A14101/11/정위/A_14_A14101_오피자_11_09.json,A_14_A14101_오피자_11_09.jpg,오피자,,,not_found,330
TL1/C/01/C01018/25/정위/C_01_C01018_옥수수떡_25_10.json,C_01_C01018_옥수수떡_25_10.jpg,옥수수떡,,,not_found,260
TL1/C/02/C02089/10/단면/C_02_C02089_옥수수빵_10_07.json,C_02_C02089_옥수수빵_10_07.jpg,옥수수빵,D202-078000000-0011,기타빵_우리쌀 막걸리로 만든 초당옥수수빵,contains,230
TL1/C/06/C06009/17/측면/C_06_C06009_옥수수시리얼_17_08.json,C_06_C06009_옥수수시리얼_17_08.jpg,옥수수시리얼,,,not_found,260
TL10/C/02/C02090/01/측면/C_02_C02090_옥수수식빵_01_05.json,C_02_C02090_옥수수식빵_01_05.jpg,옥수수식빵,,,not_found,240
TL10/B/12/B12123/06/정위/B_12_B12123_올갱이해장국_06_09.json,B_12_B12123_올갱이해장국_06_09.jpg,올갱이해장국,,,not_found,110
TL1/C/02/C02091/01/정위/C_02_C02091_완두앙금빵_01_09.json,C_02_C02091_완두앙금빵_01_09.jpg,완두앙금빵,D202-097000000-0029,소보로빵_소보루 완두앙금빵,contains,250
TL1/B/12/B12124/05/정위/B_12_B12124_우럭매운탕_05_09.json,B_12_B12124_우럭매운탕_05_09.jpg,우럭매운탕,,,not_found,250
TL10/B/12/B12125/07/정위/B_12_B12125_우럭초밥_07_10.json,B_12_B12125_우럭초밥_07_10.jpg,우럭초밥,,,not_found,250
TL1/B/11/B11087/01/정위/B_11_B11087_우삼겹떡볶이_01_09.json,B_11_B11087_우삼겹떡볶이_01_09.jpg,우삼겹떡볶이,,,not_found,230
TL12/B/12/B12126/10/정위/B_12_B12126_우삼겹비빔밥_10_10.json,B_12_B12126_우삼겹비빔밥_10_10.jpg,우삼겹비빔밥,,,not_found,140
TL1/A/14/A14102/36/정위/A_14_A14102_우삼겹커리_36_09.json,A_14_A14102_우삼겹커리_36_09.jpg,우삼겹커리,,,not_found,330
TL1/A/14/A14103/15/측면/A_14_A14103_우삼겹팟타이_15_02.json,A_14_A14103_우삼겹팟타이_15_02.jpg,우삼겹팟타이,,,not_found,360
TL1/C/02/C02092/05/정위/C_02_C02092_우유마카롱_05_10.json,C_02_C02092_우유마카롱_05_10.jpg,우유마카롱,,,not_found,260
TL10/C/02/C02093/02/단면/C_02_C02093_우유식빵_02_07.json,C_02_C02093_우유식빵_02_07.jpg,우유식빵,,,not_found,200
TL1/C/02/C02094/03/단면/C_02_C02094_우유크림빵_03_08.json,C_02_C02094_우유크림빵_03_08.jpg,우유크림빵,D202-113000000-0021,크림빵_순진우유크림빵,contains,210
TL1/A/14/A14104/08/측면/A_14_A14104_우육면_08_01.json,A_14_A14104_우육면_08_01.jpg,우육면,,,not_found,320
TL1/B/12/B12127/09/측면/B_12_B12127_울면_09_02.json,B_12_B12127_울면_09_02.jpg,울면,,,not_found,140
TL10/B/11/B11088/05/측면/B_11_B11088_유니짜장_05_02.json,B_11_B11088_유니짜장_05_02.jpg,유니짜장,,,not_found,130
TL1/A/14/A14105/01/측면/A_14_A14105_유린기_01_04.json,A_14_A14105_유린기_01_04.jpg,유린기,,,not_found,320
TL10/B/11/B11089/03/측면/B_11_B11089_유부우동_03_08.json,B_11_B11089_유부우동_03_08.jpg,유부우동,,,not_found,130
TL1/A/14/A14106/33/측면/A_14_A14106_유산슬_33_03.json,A_14_A14106_유산슬_33_03.jpg,유산슬,,,not_found,260
TL1/D/07/D07022/14/측면/D_07_D07022_유자스무디_14_02.json,D_07_D07022_유자스무디_14_02.jpg,유자스무디,,,not_found,72
TL1/D/07/D07023/10/정위/D_07_D07023_유자차_10_03.json,D_07_D07023_유자차_10_03.jpg,유자차,D220-745000000-0001,유자차_고흥 유자 레몬 캐모마일티,contains,66
TL1/B/12/B12128/13/정위/B_12_B12128_육회초밥_13_09.json,B_12_B12128_육회초밥_13_09.jpg,육회초밥,,,not_found,220
TL1/B/12/B12129/06/정위/B_12_B12129_은행구이_06_10.json,B_12_B12129_은행구이_06_10.jpg,은행구이,,,not_found,220
TL1/D/08/D08015/04/정위/D_08_D08015_인절미빙수_04_03.json,D_08_D08015_인절미빙수_04_03.jpg,인절미빙수,,,not_found,75
TL1/C/02/C02095/05/단면/C_02_C02095_인절미크로플_05_08.json,C_02_C02095_인절미크로플_05_08.jpg,인절미크로플,,,not_found,220
TL1/D/07/D07024/15/측면/D_07_D07024_자몽에이드_15_01.json,D_07_D07024_자몽에이드_15_01.jpg,자몽에이드,,,not_found,78
TL10/D/07/D07025/21/정위/D_07_D07025_자몽주스_21_03.json,D_07_D07025_자몽주스_21_03.jpg,자몽주스,,,not_found,72
TL1/D/07/D07026/06/측면/D_07_D07026_자몽차_06_02.json,D_07_D07026_자몽차_06_02.jpg,자몽차,D220-746000000-0001,자몽차_꿀자몽티,contains,75
TL1/B/11/B11090/07/측면/B_11_B11090_자장떡볶이_07_04.json,B_11_B11090_자장떡볶이_07_04.jpg,자장떡볶이,,,not_found,230
TL1/C/02/C02096/27/단면/C_02_C02096_잡채고로케_27_07.json,C_02_C02096_잡채고로케_27_07.jpg,잡채고로케,,,not_found,220
TL1/B/12/B12130/06/측면/B_12_B12130_잡채말이튀김_06_01.json,B_12_B12130_잡채말이튀김_06_01.jpg,잡채말이튀김,,,not_found,250
TL1/B/12/B12131/07/측면/B_12_B12131_장어롤_07_03.json,B_12_B12131_장어롤_07_03.jpg,장어롤,,,not_found,230
TL1/A/13/A13027/03/정위/A_13_A13027_장어탕_03_09.json,A_13_A13027_장어탕_03_09.jpg,장어탕,,,not_found,270
TL11/A/13/A13028/02/정위/A_13_A13028_장어튀김_02_09.json,A_13_A13028_장어튀김_02_09.jpg,장어튀김,,,not_found,320
TL1/B/12/B12132/02/측면/B_12_B12132_쟁반국수_02_01.json,B_12_B12132_쟁반국수_02_01.jpg,쟁반국수,,,not_found,110
TL1/B/11/B11091/13/정위/B_11_B11091_쟁반짜장_13_09.json,B_11_B11091_쟁반짜장_13_09.jpg,쟁반짜장,,,not_found,140
TL10/B/11/B11092/06/측면/B_11_B11092_쟁반짬뽕_06_07.json,B_11_B11092_쟁반짬뽕_06_07.jpg,쟁반짬뽕,,,not_found,90
TL1/B/12/B12133/18/측면/B_12_B12133_전복버터구이_18_03.json,B_12_B12133_전복버터구이_18_03.jpg,전복버터구이,,,not_found,200
TL10/B/11/B11093/06/측면/B_11_B11093_전주비빔컵밥_06_03.json,B_11_B11093_전주비빔컵밥_06_03.jpg,전주비빔컵밥,,,not_found,260
TL1/B/12/B12134/18/측면/B_12_B12134_제육볶음_18_06.json,B_12_B12134_제육볶음_18_06.jpg,제육볶음,,,not_found,240
TL1/B/11/B11094/05/정위/B_11_B11094_제육컵밥_05_10.json,B_11_B11094_제육컵밥_05_10.jpg,제육컵밥,,,not_found,240
TL1/C/02/C02097/08/정위/C_02_C02097_젤리롤케잌_08_09.json,C_02_C02097_젤리롤케잌_08_09.jpg,젤리롤케잌,,,not_found,310
TL1/B/12/B12135/02/측면/B_12_B12135_조기구이_02_03.json,B_12_B12135_조기구이_02_03.jpg,조기구이,,,not_found,240
TL1/D/08/D08016/16/측면/D_08_D08016_죠리퐁라떼_16_01.json,D_08_D08016_죠리퐁라떼_16_01.jpg,죠리퐁라떼,,,not_found,60
TL1/B/12/B12136/18/측면/B_12_B12136_주꾸미삽겹살볶음_18_05.json,B_12_B12136_주꾸미삽겹살볶음_18_05.jpg,주꾸미삽겹살볶음,,,not_found,250
TL1/A/14/A14107/09/측면/A_14_A14107_중화냉면_09_06.json,A_14_A14107_중화냉면_09_06.jpg,중화냉면,,,not_found,420
TL1/A/14/A14108/31/측면/A_14_A14108_중화볶음면_31_06.json,A_14_A14108_중화볶음면_31_06.jpg,중화볶음면,,,not_found,340
TL1/B/12/B12137/02/측면/B_12_B12137_진주냉면_02_01.json,B_12_B12137_진주냉면_02_01.jpg,진주냉면,,,not_found,110
TL1/A/14/A14109/08/측면/A_14_A14109_짜조_08_06.json,A_14_A14109_짜조_08_06.jpg,짜조,,,not_found,400
TL1/A/14/A14110/28/측면/A_14_A14110_짬뽕 쌀국수_28_07.json,A_14_A14110_짬뽕 쌀국수_28_07.jpg,짬뽕 쌀국수,,,not_found,220
TL1/A/14/A14111/13/정위/A_14_A14111_짬뽕차돌쌀국수_13_09.json,A_14_A14111_짬뽕차돌쌀국수_13_09.jpg,짬뽕차돌쌀국수,,,not_found,250
TL11/B/11/B11095/26/측면/B_11_B11095_쫄볶이_26_03.json,B_11_B11095_쫄볶이_26_03.jpg,쫄볶이,,,not_found,240
TL1/B/12/B12138/03/측면/B_12_B12138_차돌된장찌개_03_02.json,B_12_B12138_차돌된장찌개_03_02.jpg,차돌된장찌개,,,not_found,270
TL1/B/11/B11096/10/정위/B_11_B11096_차돌떡볶이_10_10.json,B_11_B11096_차돌떡볶이_10_10.jpg,차돌떡볶이,,,not_found,260
TL1/A/14/A14112/04/정위/A_14_A14112_차돌양지쌀국수_04_09.json,A_14_A14112_차돌양지쌀국수_04_09.jpg,차돌양지쌀국수,,,not_found,220
TL10/B/11/B11097/04/정위/B_11_B11097_차돌짬뽕_04_10.json,B_11_B11097_차돌짬뽕_04_10.jpg,차돌짬뽕,,,not_found,260
TL1/A/14/A14113/11/측면/A_14_A14113_차슈동_11_07.json,A_14_A14113_차슈동_11_07.jpg,차슈동,,,not_found,270
TL1/A/14/A14114/01/정위/A_14_A14114_차슈라멘_01_09.json,A_14_A14114_차슈라멘_01_09.jpg,차슈라멘,,,not_found,350
TL1/A/14/A14115/19/정위/A_14_A14115_차슈바오_19_09.json,A_14_A14115_차슈바오_19_09.jpg,차슈바오,,,not_found,390
TL10/B/12/B12139/24/측면/B_12_B12139_찰순대_24_04.json,B_12_B12139_찰순대_24_04.jpg,찰순대,,,not_found,220
TL1/B/12/B12140/15/정위/B_12_B12140_참소라초밥_15_10.json,B_12_B12140_참소라초밥_15_10.jpg,참소라초밥,,,not_found,280
TL1/B/11/B11098/06/정위/B_11_B11098_참치마요덮밥_06_10.json,B_11_B11098_참치마요덮밥_06_10.jpg,참치마요덮밥,,,not_found,250
TL1/B/11/B11099/12/측면/B_11_B11099_참치마요컵밥_12_05.json,B_11_B11099_참치마요컵밥_12_05.jpg,참치마요컵밥,,,not_found,230
TL1/B/11/B11100/22/정위/B_11_B11100_참치샌드위치_22_10.json,B_11_B11100_참치샌드위치_22_10.jpg,참치샌드위치,,,not_found,220
TL10/C/03/C03156/01/측면/C_03_C03156_참치죽_01_01.json,C_03_C03156_참치죽_01_01.jpg,참치죽,,,not_found,230
TL1/A/14/A14116/05/정위/A_14_A14116_찹스테이크_05_10.json,A_14_A14116_찹스테이크_05_10.jpg,찹스테이크,,,not_found,310
TL1/C/02/C02099/13/단면/C_02_C02099_찹쌀꽈배기_13_07.json,C_02_C02099_찹쌀꽈배기_13_07.jpg,찹쌀꽈배기,D202-082000000-0075,도넛_찹쌀꽈배기도너츠,contains,260
TL1/C/02/C02100/10/단면/C_02_C02100_찹쌀도너츠_10_08.json,C_02_C02100_찹쌀도너츠_10_08.jpg,찹쌀도너츠,D202-082000000-0039,도넛_미니찹쌀도너츠,contains,280
TL10/B/12/B12141/04/측면/B_12_B12141_천엽_04_05.json,B_12_B12141_천엽_04_05.jpg,천엽,,,not_found,120
TL1/D/07/D07027/18/정위/D_07_D07027_청귤에이드_18_03.json,D_07_D07027_청귤에이드_18_03.jpg,청귤에이드,,,not_found,84
TL1/D/07/D07028/05/측면/D_07_D07028_청귤차_05_02.json,D_07_D07028_청귤차_05_02.jpg,청귤차,,,not_found,66
TL1/D/07/D07029/17/측면/D_07_D07029_청포도에이드_17_02.json,D_07_D07029_청포도에이드_17_02.jpg,청포도에이드,,,not_found,60
TL1/D/07/D07030/05/정위/D_07_D07030_체리콕에이드_05_03.json,D_07_D07030_체리콕에이드_05_03.jpg,체리콕에이드,,,not_found,78
TL1/A/13/A13029/07/정위/A_13_A13029_초계국수_07_09.json,A_13_A13029_초계국수_07_09.jpg,초계국수,,,not_found,340
TL10/A/13/A13030/22/정위/A_13_A13030_초계탕_22_09.json,A_13_A13030_초계탕_22_09.jpg,초계탕,,,not_found,390
TL1/C/02/C02102/03/정위/C_02_C02102_초코까눌레_03_09.json,C_02_C02102_초코까눌레_03_09.jpg,초코까눌레,,,not_found,270
TL10/D/08/D08017/14/정위/D_08_D08017_초코라떼(HOT)_14_03.json,D_08_D08017_초코라떼(HOT)_14_03.jpg,초코라떼(HOT),,,not_found,78
TL1/C/02/C02103/05/정위/C_02_C02103_초코롤케잌_05_09.json,C_02_C02103_초코롤케잌_05_09.jpg,초코롤케잌,,,not_found,240
TL1/C/02/C02104/10/단면/C_02_C02104_초코마카롱_10_07.json,C_02_C02104_초코마카롱_10_07.jpg,초코마카롱,D202-082000000-0082,도넛_초코마카롱 도넛,contains,210
TL1/C/02/C02105/02/측면/C_02_C02105_초코머핀_02_05.json,C_02_C02105_초코머핀_02_05.jpg,초코머핀,,,not_found,260
TL1/D/10/D10031/23/정위/D_10_D10031_초코모카라떼(HOT)_23_03.json,D_10_D10031_초코모카라떼(HOT)_23_03.jpg,초코모카라떼(HOT),,,not_found,78
TL1/D/08/D08018/11/측면/D_08_D08018_초코밀크티_11_02.json,D_08_D08018_초코밀크티_11_02.jpg,초코밀크티,,,not_found,69
TL10/C/02/C02106/09/정위/C_02_C02106_초코베이글_09_10.json,C_02_C02106_초코베이글_09_10.jpg,초코베이글,,,not_found,270
TL1/C/02/C02107/01/정위/C_02_C02107_초코소라빵_01_09.json,C_02_C02107_초코소라빵_01_09.jpg,초코소라빵,D102-105000000-0001,초코소라빵,exact,240
TL1/D/08/D08019/05/측면/D_08_D08019_초코쉐이크_05_02.json,D_08_D08019_초코쉐이크_05_02.jpg,초코쉐이크,,,not_found,81
TL10/D/08/D08020/15/정위/D_08_D08020_초코스무디_15_03.json,D_08_D08020_초코스무디_15_03.jpg,초코스무디,,,not_found,54
TL1/C/02/C02108/06/단면/C_02_C02108_초코스콘_06_08.json,C_02_C02108_초코스콘_06_08.jpg,초코스콘,,,not_found,280
TL1/C/06/C06012/10/측면/C_06_C06012_초코시리얼_10_03.json,C_06_C06012_초코시리얼_10_03.jpg,초코시리얼,,,not_found,210
TL1/C/02/C02109/24/단면/C_02_C02109_초코아이스크림와플_24_08.json,C_02_C02109_초코아이스크림와플_24_08.jpg,초코아이스크림와플,,,not_found,280
TL1/C/02/C02110/08/측면/C_02_C02110_초코와플_08_01.json,C_02_C02110_초코와플_08_01.jpg,초코와플,D202-103000000-0104,와플_초코와플&젤라또,contains,250
TL1/C/02/C02112/29/단면/C_02_C02112_초코케이크_29_07.json,C_02_C02112_초코케이크_29_07.jpg,초코케이크,,,not_found,240
TL1/C/02/C02113/04/단면/C_02_C02113_초코크레이프_04_08.json,C_02_C02113_초코크레이프_04_08.jpg,초코크레이프,D202-110000000-0329,케이크_초코크레이프 케이크,contains,260
TL1/C/02/C02114/23/정위/C_02_C02114_초코크로와상_23_09.json,C_02_C02114_초코크로와상_23_09.jpg,초코크로와상,,,not_found,250
TL1/C/02/C02115/09/측면/C_02_C02115_초코크로플_09_04.json,C_02_C02115_초코크로플_09_04.jpg,초코크로플,,,not_found,220
TL1/C/02/C02116/15/단면/C_02_C02116_초코파운드_15_07.json,C_02_C02116_초코파운드_15_07.jpg,초코파운드,D202-110000000-0331,케이크_초코파운드 케이크,contains,270
TL1/A/13/A13031/07/정위/A_13_A13031_추어만두_07_09.json,A_13_A13031_추어만두_07_09.jpg,추어만두,,,not_found,390
TL1/A/13/A13032/14/정위/A_13_A13032_추어전_14_09.json,A_13_A13032_추어전_14_09.jpg,추어전,,,not_found,450
TL1/A/13/A13033/24/정위/A_13_A13033_추어전골_24_10.json,A_13_A13033_추어전골_24_10.jpg,추어전골,,,not_found,360
TL1/A/13/A13034/13/정위/A_13_A13034_추어칼국수_13_10.json,A_13_A13034_추어칼국수_13_10.jpg,추어칼국수,,,not_found,350
TL10/A/13/A13035/42/측면/A_13_A13035_추어튀김_42_03.json,A_13_A13035_추어튀김_42_03.jpg,추어튀김,,,not_found,450
TL1/A/14/A14117/11/측면/A_14_A14117_춘권_11_05.json,A_14_A14117_춘권_11_05.jpg,춘권,,,not_found,310
TL1/B/11/B11101/02/정위/B_11_B11101_충무김밥_02_10.json,B_11_B11101_충무김밥_02_10.jpg,충무김밥,,,not_found,220
TL1/C/02/C02117/03/정위/C_02_C02117_치아바타_03_09.json,C_02_C02117_치아바타_03_09.jpg,치아바타,D202-096000000-0023,샌드위치_먹물치킨 치아바타,contains,280
TL11/B/11/B11102/06/정위/B_11_B11102_치아바타샌드위치_06_10.json,B_11_B11102_치아바타샌드위치_06_10.jpg,치아바타샌드위치,,,not_found,210
TL1/B/12/B12142/04/측면/B_12_B12142_치즈곱창_04_08.json,B_12_B12142_치즈곱창_04_08.jpg,치즈곱창,,,not_found,240
TL1/B/12/B12143/24/측면/B_12_B12143_치즈달걀말이_24_04.json,B_12_B12143_치즈달걀말이_24_04.jpg,치즈달걀말이,,,not_found,240
TL1/B/12/B12144/11/측면/B_12_B12144_치즈닭갈비_11_04.json,B_12_B12144_치즈닭갈비_11_04.jpg,치즈닭갈비,,,not_found,230
TL10/B/11/B11103/11/측면/B_11_B11103_치즈떡볶이_11_08.json,B_11_B11103_치즈떡볶이_11_08.jpg,치즈떡볶이,,,not_found,260
TL1/B/11/B11104/13/정위/B_11_B11104_치즈라볶이_13_09.json,B_11_B11104_치즈라볶이_13_09.jpg,치즈라볶이,,,not_found,280
TL10/B/11/B11105/07/정위/B_11_B11105_치즈버거_07_10.json,B_11_B11105_치즈버거_07_10.jpg,치즈버거,D202-120000000-0327,피자_더블체다치즈버거 피자 (F),contains,240
TL1/C/02/C02118/12/정위/C_02_C02118_치즈번_12_10.json,C_02_C02118_치즈번_12_10.jpg,치즈번,D202-094000000-0015,번_치즈번,contains,250
TL1/C/02/C02013/31/단면/C_02_C02013_치즈볼_31_07.json,C_02_C02013_치즈볼_31_07.jpg,치즈볼,D312-563000000-0001,치즈볼,exact,260
TL1/B/11/B11106/24/측면/B_11_B11106_치즈샌드위치_24_07.json,B_11_B11106_치즈샌드위치_24_07.jpg,치즈샌드위치,,,not_found,220
TL12/B/12/B12145/08/정위/B_12_B12145_치즈스틱_08_09.json,B_12_B12145_치즈스틱_08_09.jpg,치즈스틱,D312-564000000-0001,치즈스틱,exact,140
TL1/C/02/C02119/04/단면/C_02_C02119_치즈케이크_04_07.json,C_02_C02119_치즈케이크_04_07.jpg,치즈케이크,D202-086000000-0122,마카롱_치즈케이크 마카롱,contains,240
TL1/C/02/C02120/12/정위/C_02_C02120_치즈크로플_12_09.json,C_02_C02120_치즈크로플_12_09.jpg,치즈크로플,,,not_found,290
TL1/B/11/B11107/14/측면/B_11_B11107_치즈피자_14_02.json,B_11_B11107_치즈피자_14_02.jpg,치즈피자,D202-095000000-0096,베이글_콘치즈피자 베이글,contains,240
TL14/B/12/B12146/12/측면/B_12_B12146_치킨너겟_12_02.json,B_12_B12146_치킨너겟_12_02.jpg,치킨너겟,,,not_found,120
TL1/B/11/B11108/04/측면/B_11_B11108_치킨마요덮밥_04_03.json,B_11_B11108_치킨마요덮밥_04_03.jpg,치킨마요덮밥,,,not_found,240
TL1/B/11/B11109/06/측면/B_11_B11109_치킨버거_06_02.json,B_11_B11109_치킨버거_06_02.jpg,치킨버거,,,not_found,240
TL1/A/14/A14118/09/측면/A_14_A14118_치킨부리또_09_04.json,A_14_A14118_치킨부리또_09_04.jpg,치킨부리또,,,not_found,370
TL10/B/12/B12147/10/측면/B_12_B12147_치킨샐러드_10_04.json,B_12_B12147_치킨샐러드_10_04.jpg,치킨샐러드,D202-096000000-0044,샌드위치_스파이시치킨샐러드랩,contains,220
TL1/A/14/A14119/19/측면/A_14_A14119_치킨커리_19_05.json,A_14_A14119_치킨커리_19_05.jpg,치킨커리,D202-112000000-0012,크로켓(고로케)_매콤치킨커리 고로케,contains,320
TL1/A/14/A14120/11/정위/A_14_A14120_치킨퀘사디아_11_09.json,A_14_A14120_치킨퀘사디아_11_09.jpg,치킨퀘사디아,,,not_found,360
TL1/A/14/A14121/14/측면/A_14_A14121_치킨타코_14_05.json,A_14_A14121_치킨타코_14_05.jpg,치킨타코,,,not_found,340
TL1/B/11/B11110/03/측면/B_11_B11110_치킨토스트_03_08.json,B_11_B11110_치킨토스트_03_08.jpg,치킨토스트,,,not_found,270
TL1/A/14/A14122/34/측면/A_14_A14122_치킨파히타_34_05.json,A_14_A14122_치킨파히타_34_05.jpg,치킨파히타,,,not_found,260
TL1/A/14/A14123/02/정위/A_14_A14123_치킨포케_02_10.json,A_14_A14123_치킨포케_02_10.jpg,치킨포케,,,not_found,410
TL1/B/12/B12148/02/측면/B_12_B12148_칠리새우_02_02.json,B_12_B12148_칠리새우_02_02.jpg,칠리새우,D202-120000000-1392,피자_칠리새우 피자 리코타링 (L),contains,120
TL10/B/12/B12149/14/정위/B_12_B12149_칠리새우덮밥_14_09.json,B_12_B12149_칠리새우덮밥_14_09.jpg,칠리새우덮밥,,,not_found,100
TL1/D/10/D10032/11/측면/D_10_D10032_카라멜마끼아또(HOT)_11_02.json,D_10_D10032_카라멜마끼아또(HOT)_11_02.jpg,카라멜마끼아또(HOT),,,not_found,78
TL10/C/02/C02121/06/정위/C_02_C02121_카라멜마카롱_06_10.json,C_02_C02121_카라멜마카롱_06_10.jpg,카라멜마카롱,,,not_found,250
TL10/C/02/C02122/24/정위/C_02_C02122_카레고로케_24_09.json,C_02_C02122_카레고로케_24_09.jpg,카레고로케,,,not_found,260
TL1/A/14/A14124/22/정위/A_14_A14124_카레우동_22_09.json,A_14_A14124_카레우동_22_09.jpg,카레우동,,,not_found,320
TL1/B/11/B11111/25/측면/B_11_B11111_카레컵밥_25_03.json,B_11_B11111_카레컵밥_25_03.jpg,카레컵밥,,,not_found,230
TL1/D/09/D09005/20/정위/D_09_D09005_카모마일차_20_03.json,D_09_D09005_카모마일차_20_03.jpg,카모마일차,,,not_found,69
TL1/C/02/C02123/16/정위/C_02_C02123_카스테라_16_09.json,C_02_C02123_카스테라_16_09.jpg,카스테라,D202-082000000-0087,도넛_카스테라크림 꽈배기,contains,250
TL1/B/11/B11112/06/측면/B_11_B11112_카야토스트_06_08.json,B_11_B11112_카야토스트_06_08.jpg,카야토스트,D202-096000000-0137,샌드위치_카야토스트,contains,240
TL1/A/14/A14125/06/측면/A_14_A14125_카이센동_06_04.json,A_14_A14125_카이센동_06_04.jpg,카이센동,,,not_found,190
TL1/A/14/A14126/06/정위/A_14_A14126_카츠나베_06_09.json,A_14_A14126_카츠나베_06_09.jpg,카츠나베,,,not_found,350
TL1/A/14/A14127/20/측면/A_14_A14127_카츠동_20_01.json,A_14_A14127_카츠동_20_01.jpg,카츠동,,,not_found,300
TL1/D/10/D10033/11/정위/D_10_D10033_카페라떼(HOT)_11_03.json,D_10_D10033_카페라떼(HOT)_11_03.jpg,카페라떼(HOT),,,not_found,84
TL1/D/10/D10034/22/측면/D_10_D10034_카푸치노(HOT)_22_01.json,D_10_D10034_카푸치노(HOT)_22_01.jpg,카푸치노(HOT),,,not_found,69
TL1/B/12/B12150/06/정위/B_12_B12150_칼국수_06_09.json,B_12_B12150_칼국수_06_09.jpg,칼국수,,,not_found,250
TL1/B/12/B12151/31/측면/B_12_B12151_캘리포니아롤_31_04.json,B_12_B12151_캘리포니아롤_31_04.jpg,캘리포니아롤,,,not_found,190
TL11/C/02/C02125/04/정위/C_02_C02125_커피콩빵_04_10.json,C_02_C02125_커피콩빵_04_10.jpg,커피콩빵,D202-094000000-0019,번_커피콩빵,contains,270
TL1/B/12/B12152/12/측면/B_12_B12152_케이준샐러드_12_05.json,B_12_B12152_케이준샐러드_12_05.jpg,케이준샐러드,,,not_found,230
TL1/B/12/B12153/09/측면/B_12_B12153_케이준양념감자_09_02.json,B_12_B12153_케이준양념감자_09_02.jpg,케이준양념감자,,,not_found,140
TL1/B/12/B12154/14/측면/B_12_B12154_코다리냉면_14_01.json,B_12_B12154_코다리냉면_14_01.jpg,코다리냉면,,,not_found,220
TL1/B/12/B12155/14/정위/B_12_B12155_코울슬로_14_10.json,B_12_B12155_코울슬로_14_10.jpg,코울슬로,,,not_found,130
TL10/D/10/D10035/01/측면/D_10_D10035_코코넛라떼(HOT)_01_01.json,D_10_D10035_코코넛라떼(HOT)_01_01.jpg,코코넛라떼(HOT),,,not_found,78
TL1/B/12/B12156/02/정위/B_12_B12156_콘샐러드_02_10.json,B_12_B12156_콘샐러드_02_10.jpg,콘샐러드,,,not_found,250
TL1/C/04/C04004/15/정위/C_04_C04004_콘수프_15_09.json,C_04_C04004_콘수프_15_09.jpg,콘수프,,,not_found,210
TL10/D/10/D10036/17/정위/D_10_D10036_콜드브루_17_03.json,D_10_D10036_콜드브루_17_03.jpg,콜드브루,D219-711000000-0101,아이스크림_블루밍 콜드브루 리코타치즈 아포가토,contains,78
TL1/D/10/D10037/11/정위/D_10_D10037_콜드브루라떼_11_03.json,D_10_D10037_콜드브루라떼_11_03.jpg,콜드브루라떼,D220-748000000-0626,커피_콜드브루라떼 아이스(ICED),contains,75
TL1/B/11/B11113/22/측면/B_11_B11113_콤비네이션피자(씬)_22_08.json,B_11_B11113_콤비네이션피자(씬)_22_08.jpg,콤비네이션피자(씬),,,not_found,220
TL1/B/11/B11114/01/정위/B_11_B11114_콤비네이션피자(팬)_01_10.json,B_11_B11114_콤비네이션피자(팬)_01_10.jpg,콤비네이션피자(팬),,,not_found,250
TL10/B/12/B12157/27/측면/B_12_B12157_콩나물불고기(콩불)_27_01.json,B_12_B12157_콩나물불고기(콩불)_27_01.jpg,콩나물불고기(콩불),,,not_found,200
TL1/C/01/C01019/16/단면/C_01_C01019_콩떡_16_07.json,C_01_C01019_콩떡_16_07.jpg,콩떡,D202-104000000-0002,찰떡빵_연유콩떡빵,contains,220
TL10/D/08/D08021/29/측면/D_08_D08021_쿠키쉐이크_29_01.json,D_08_D08021_쿠키쉐이크_29_01.jpg,쿠키쉐이크,,,not_found,72
TL1/C/02/C02126/10/단면/C_02_C02126_쿠키슈_10_08.json,C_02_C02126_쿠키슈_10_08.jpg,쿠키슈,D202-113000000-0024,크림빵_스노우쿠키슈,contains,290
TL1/C/02/C02010/20/단면/C_02_C02010_쿠키엔크림케이크_20_08.json,C_02_C02010_쿠키엔크림케이크_20_08.jpg,쿠키엔크림케이크,,,not_found,230
TL1/C/02/C02127/04/단면/C_02_C02127_퀸아망_04_08.json,C_02_C02127_퀸아망_04_08.jpg,퀸아망,D202-118000000-0038,페이스트리_퀸아망,contains,270
TL12/C/06/C06013/05/측면/C_06_C06013_크랜베리시리얼_05_05.json,C_06_C06013_크랜베리시리얼_05_05.jpg,크랜베리시리얼,,,not_found,260
TL10/B/12/B12158/30/측면/B_12_B12158_크레미롤_30_02.json,B_12_B12158_크레미롤_30_02.jpg,크레미롤,,,not_found,260
TL1/C/02/C02128/08/단면/C_02_C02128_크로칸슈_08_07.json,C_02_C02128_크로칸슈_08_07.jpg,크로칸슈,D202-113000000-0036,크림빵_초코크로칸슈,contains,290
TL1/C/02/C02129/06/단면/C_02_C02129_크로크무슈_06_07.json,C_02_C02129_크로크무슈_06_07.jpg,크로크무슈,D202-096000000-0080,샌드위치_크로크무슈,contains,270
TL1/B/11/B11115/18/측면/B_11_B11115_크리스피치킨(뼈)_18_02.json,B_11_B11115_크리스피치킨(뼈)_18_02.jpg,크리스피치킨(뼈),,,not_found,230
TL1/B/11/B11116/09/측면/B_11_B11116_크림(크리미)치킨(뼈)_09_06.json,B_11_B11116_크림(크리미)치킨(뼈)_09_06.jpg,크림(크리미)치킨(뼈),,,not_found,260
TL1/C/02/C02130/10/단면/C_02_C02130_크림도넛_10_07.json,C_02_C02130_크림도넛_10_07.jpg,크림도넛,,,not_found,260
TL1/B/11/B11117/15/측면/B_11_B11117_크림떡볶이_15_03.json,B_11_B11117_크림떡볶이_15_03.jpg,크림떡볶이,,,not_found,190
TL11/A/14/A14128/23/정위/A_14_A14128_크림리조또_23_09.json,A_14_A14128_크림리조또_23_09.jpg,크림리조또,D301-013000000-0001,리소토/리조또_간편조리세트_베이컨버섯크림리조또,contains,300
TL1/A/14/A14129/25/정위/A_14_A14129_크림새우_25_10.json,A_14_A14129_크림새우_25_10.jpg,크림새우,D202-120000000-3042,피자_알로하크림새우 피자 씬 (L),contains,330
TL1/C/04/C04005/16/정위/C_04_C04005_크림수프_16_09.json,C_04_C04005_크림수프_16_09.jpg,크림수프,,,not_found,260
TL1/B/12/B12159/09/정위/B_12_B12159_크림우동_09_10.json,B_12_B12159_크림우동_09_10.jpg,크림우동,,,not_found,220
TL1/C/02/C02131/05/단면/C_02_C02131_크림치즈베이글_05_08.json,C_02_C02131_크림치즈베이글_05_08.jpg,크림치즈베이글,,,not_found,250
TL1/C/02/C02132/31/단면/C_02_C02132_크림치즈호두빵_31_08.json,C_02_C02132_크림치즈호두빵_31_08.jpg,크림치즈호두빵,D202-108000000-0008,치즈빵_미니크림치즈호두빵 (8개입),contains,280
TL1/B/12/B12160/07/정위/B_12_B12160_크림함박스테이크_07_09.json,B_12_B12160_크림함박스테이크_07_09.jpg,크림함박스테이크,,,not_found,140
TL1/B/11/B11118/06/측면/B_11_B11118_클럽샌드위치_06_04.json,B_11_B11118_클럽샌드위치_06_04.jpg,클럽샌드위치,,,not_found,260
TL1/D/07/D07031/09/정위/D_07_D07031_키위스무디_09_03.json,D_07_D07031_키위스무디_09_03.jpg,키위스무디,,,not_found,72
TL1/D/07/D07032/24/측면/D_07_D07032_키위주스_24_02.json,D_07_D07032_키위주스_24_02.jpg,키위주스,,,not_found,87
TL1/A/14/A14130/12/정위/A_14_A14130_타코야끼_12_09.json,A_14_A14130_타코야끼_12_09.jpg,타코야끼,,,not_found,410
TL1/A/14/A14131/05/측면/A_14_A14131_타코와사비_05_08.json,A_14_A14131_타코와사비_05_08.jpg,타코와사비,,,not_found,230
TL1/A/14/A14132/13/정위/A_14_A14132_탄두리치킨_13_10.json,A_14_A14132_탄두리치킨_13_10.jpg,탄두리치킨,,,not_found,240
TL1/A/14/A14133/16/정위/A_14_A14133_탄탄멘_16_10.json,A_14_A14133_탄탄멘_16_10.jpg,탄탄멘,,,not_found,400
TL1/A/14/A14134/22/정위/A_14_A14134_토르티야_22_10.json,A_14_A14134_토르티야_22_10.jpg,토르티야,,,not_found,290
TL1/A/14/A14135/01/정위/A_14_A14135_토마토계란볶음_01_10.json,A_14_A14135_토마토계란볶음_01_10.jpg,토마토계란볶음,,,not_found,260
TL10/A/14/A14136/02/측면/A_14_A14136_토마토리조또_02_06.json,A_14_A14136_토마토리조또_02_06.jpg,토마토리조또,,,not_found,240
TL1/D/07/D07033/04/측면/D_07_D07033_토마토주스_04_02.json,D_07_D07033_토마토주스_04_02.jpg,토마토주스,,,not_found,75
TL1/D/10/D10038/09/정위/D_10_D10038_토피넛라떼_09_03.json,D_10_D10038_토피넛라떼_09_03.jpg,토피넛라떼,,,not_found,72
TL1/C/02/C02133/11/측면/C_02_C02133_통밀식빵_11_06.json,C_02_C02133_통밀식빵_11_06.jpg,통밀식빵,D202-100000000-0069,식빵_착한빵 식통밀식빵,contains,280
TL10/B/11/B11119/04/정위/B_11_B11119_투움바떡볶이_04_09.json,B_11_B11119_투움바떡볶이_04_09.jpg,투움바떡볶이,,,not_found,230
TL10/A/14/A14137/02/정위/A_14_A14137_튀김꽃빵_02_09.json,A_14_A14137_튀김꽃빵_02_09.jpg,튀김꽃빵,,,not_found,230
TL10/C/02/C02134/01/단면/C_02_C02134_튀김소보루_01_07.json,C_02_C02134_튀김소보루_01_07.jpg,튀김소보루,,,not_found,250
TL1/C/02/C02135/25/정위/C_02_C02135_티라미수_25_09.json,C_02_C02135_티라미수_25_09.jpg,티라미수,D202-086000000-0083,마카롱_크림치즈티라미수 마카롱,contains,240
TL10/D/10/D10039/05/정위/D_10_D10039_티라미수라떼(HOT)_05_03.json,D_10_D10039_티라미수라떼(HOT)_05_03.jpg,티라미수라떼(HOT),,,not_found,81
TL1/C/02/C02136/08/단면/C_02_C02136_파네토네_08_08.json,C_02_C02136_파네토네_08_08.jpg,파네토네,,,not_found,290
TL1/B/11/B11120/03/측면/B_11_B11120_파닭_03_07.json,B_11_B11120_파닭_03_07.jpg,파닭,,,not_found,270
TL1/A/14/A14138/10/정위/A_14_A14138_팔보채_10_10.json,A_14_A14138_팔보채_10_10.jpg,팔보채,,,not_found,420
TL1/A/14/A14139/16/측면/A_14_A14139_팟타이_16_07.json,A_14_A14139_팟타이_16_07.jpg,팟타이,,,not_found,390
TL1/C/02/C02111/11/단면/C_02_C02111_팥붕어빵_11_08.json,C_02_C02111_팥붕어빵_11_08.jpg,팥붕어빵,,,not_found,220
TL1/D/08/D08022/01/정위/D_08_D08022_팥빙수_01_03.json,D_08_D08022_팥빙수_01_03.jpg,팥빙수,D419-716000000-0001,팥빙수,exact,75
TL10/B/12/B12161/16/측면/B_12_B12161_팥칼국수_16_03.json,B_12_B12161_팥칼국수_16_03.jpg,팥칼국수,,,not_found,260
TL1/B/11/B11121/25/측면/B_11_B11121_페퍼로니피자(씬)_25_07.json,B_11_B11121_페퍼로니피자(씬)_25_07.jpg,페퍼로니피자(씬),,,not_found,260
TL1/B/11/B11122/02/정위/B_11_B11122_페퍼로니피자(팬)_02_09.json,B_11_B11122_페퍼로니피자(팬)_02_09.jpg,페퍼로니피자(팬),,,not_found,230
TL10/B/12/B12162/08/정위/B_12_B12162_편육_08_09.json,B_12_B12162_편육_08_09.jpg,편육,,,not_found,130
TL11/B/11/B11123/20/측면/B_11_B11123_포테이토피자(씬)_20_01.json,B_11_B11123_포테이토피자(씬)_20_01.jpg,포테이토피자(씬),,,not_found,230
TL11/B/11/B11124/08/정위/B_11_B11124_포테이토피자(팬)_08_09.json,B_11_B11124_포테이토피자(팬)_08_09.jpg,포테이토피자(팬),,,not_found,240
TL1/A/14/A14140/04/측면/A_14_A14140_푸팟퐁커리_04_02.json,A_14_A14140_푸팟퐁커리_04_02.jpg,푸팟퐁커리,D202-120000000-1713,피자_푸팟퐁커리 피자 마니아 파마산엣지 (L),contains,380
TL10/A/14/A14141/11/정위/A_14_A14141_풍기크림파스타_11_09.json,A_14_A14141_풍기크림파스타_11_09.jpg,풍기크림파스타,,,not_found,330
TL1/A/14/A14142/35/측면/A_14_A14142_풍기피자_35_07.json,A_14_A14142_풍기피자_35_07.jpg,풍기피자,,,not_found,300
TL1/B/11/B11125/04/측면/B_11_B11125_프렌치토스트_04_04.json,B_11_B11125_프렌치토스트_04_04.jpg,프렌치토스트,D202-115000000-0018,토스트_통버터 프렌치토스트,contains,230
TL10/A/14/A14143/05/정위/A_14_A14143_플레인난_05_10.json,A_14_A14143_플레인난_05_10.jpg,플레인난,,,not_found,250
TL1/C/02/C02137/07/단면/C_02_C02137_플레인베이글_07_07.json,C_02_C02137_플레인베이글_07_07.jpg,플레인베이글,D202-095000000-0051,베이글_플레인베이글,contains,300
TL1/C/02/C02138/17/정위/C_02_C02138_플레인스콘_17_09.json,C_02_C02138_플레인스콘_17_09.jpg,플레인스콘,,,not_found,270
TL1/D/08/D08023/08/정위/D_08_D08023_플레인요거트스무디_08_03.json,D_08_D08023_플레인요거트스무디_08_03.jpg,플레인요거트스무디,D220-737000000-0786,스무디_플레인요거트스무디,contains,63
TL1/C/02/C02139/10/정위/C_02_C02139_플레인크로플_10_10.json,C_02_C02139_플레인크로플_10_10.jpg,플레인크로플,D202-142000000-0148,크로플_플레인크로플,contains,210
TL1/A/14/A14144/05/정위/A_14_A14144_피쉬볼_05_09.json,A_14_A14144_피쉬볼_05_09.jpg,피쉬볼,,,not_found,280
TL1/B/12/B12163/01/정위/B_12_B12163_피자돈까스_01_09.json,B_12_B12163_피자돈까스_01_09.jpg,피자돈까스,,,not_found,210
TL1/C/02/C02140/16/단면/C_02_C02140_피자빵_16_08.json,C_02_C02140_피자빵_16_08.jpg,피자빵,D202-121000000-0006,피자빵_치즈치킨롤 피자,contains,270
TL1/B/11/B11126/04/측면/B_11_B11126_피자토스트_04_04.json,B_11_B11126_피자토스트_04_04.jpg,피자토스트,,,not_found,250
TL1/C/02/C02052/22/정위/C_02_C02052_피자호빵_22_09.json,C_02_C02052_피자호빵_22_09.jpg,피자호빵,,,not_found,230
TL1/A/14/A14145/04/정위/A_14_A14145_하와이안피자_04_09.json,A_14_A14145_하와이안피자_04_09.jpg,하와이안피자,,,not_found,340
TL1/B/12/B12164/09/측면/B_12_B12164_함박스테이크_09_04.json,B_12_B12164_함박스테이크_09_04.jpg,함박스테이크,D308-404000000-0001,함박스테이크_간편조리세트_더블체다 함박스테이크,contains,270
TL1/C/02/C02141/17/단면/C_02_C02141_핫도그_17_08.json,C_02_C02141_핫도그_17_08.jpg,핫도그,D302-122000000-0001,핫도그,exact,220
TL1/C/06/C06014/01/측면/C_06_C06014_핫바(어묵소시지)_01_02.json,C_06_C06014_핫바(어묵소시지)_01_02.jpg,핫바(어묵소시지),,,not_found,240
TL1/D/08/D08024/10/정위/D_08_D08024_핫초코_10_03.json,D_08_D08024_핫초코_10_03.jpg,핫초코,D220-723000000-0564,라떼_핫초코큐브 핫(HOT),contains,72
TL1/A/14/A14146/04/정위/A_14_A14146_해물누룽지탕_04_10.json,A_14_A14146_해물누룽지탕_04_10.jpg,해물누룽지탕,,,not_found,340
TL1/B/12/B12165/06/측면/B_12_B12165_해물뚝배기_06_06.json,B_12_B12165_해물뚝배기_06_06.jpg,해물뚝배기,,,not_found,270
TL1/B/12/B12166/11/정위/B_12_B12166_해물라면_11_09.json,B_12_B12166_해물라면_11_09.jpg,해물라면,,,not_found,240
TL1/A/14/A14147/38/정위/A_14_A14147_해물리조또_38_09.json,A_14_A14147_해물리조또_38_09.jpg,해물리조또,,,not_found,240
TL1/B/12/B12167/05/측면/B_12_B12167_해물순두부찌개_05_01.json,B_12_B12167_해물순두부찌개_05_01.jpg,해물순두부찌개,,,not_found,260
TL1/A/14/A14148/08/정위/A_14_A14148_해물쌀국수_08_10.json,A_14_A14148_해물쌀국수_08_10.jpg,해물쌀국수,,,not_found,300
TL1/A/14/A14149/12/정위/A_14_A14149_해산물팟타이_12_10.json,A_14_A14149_해산물팟타이_12_10.jpg,해산물팟타이,,,not_found,320
TL1/A/13/A13036/21/정위/A_13_A13036_해신탕_21_10.json,A_13_A13036_해신탕_21_10.jpg,해신탕,,,not_found,340
TL1/A/13/A13037/13/정위/A_13_A13037_해천탕_13_09.json,A_13_A13037_해천탕_13_09.jpg,해천탕,,,not_found,400
TL1/B/11/B11127/02/측면/B_11_B11127_햄샌드위치_02_07.json,B_11_B11127_햄샌드위치_02_07.jpg,햄샌드위치,D402-149000000-0001,햄샌드위치,exact,230
TL10/B/11/B11128/04/정위/B_11_B11128_햄에그샌드위치_04_10.json,B_11_B11128_햄에그샌드위치_04_10.jpg,햄에그샌드위치,,,not_found,220
TL1/C/02/C02142/30/정위/C_02_C02142_햄치즈베이글_30_10.json,C_02_C02142_햄치즈베이글_30_10.jpg,햄치즈베이글,,,not_found,250
TL1/B/11/B11129/05/정위/B_11_B11129_햄치즈토스트_05_09.json,B_11_B11129_햄치즈토스트_05_09.jpg,햄치즈토스트,,,not_found,260
TL10/C/02/C02143/05/단면/C_02_C02143_햄치즈파니니_05_07.json,C_02_C02143_햄치즈파니니_05_07.jpg,햄치즈파니니,,,not_found,230
TL1/D/10/D10040/30/측면/D_10_D10040_헤이즐넛라떼(HOT)_30_02.json,D_10_D10040_헤이즐넛라떼(HOT)_30_02.jpg,헤이즐넛라떼(HOT),,,not_found,69
TL1/D/10/D10041/26/정위/D_10_D10041_헤이즐넛아메리카노(HOT)_26_03.json,D_10_D10041_헤이즐넛아메리카노(HOT)_26_03.jpg,헤이즐넛아메리카노(HOT),,,not_found,57
TL10/C/02/C02144/21/측면/C_02_C02144_호두과자_21_01.json,C_02_C02144_호두과자_21_01.jpg,호두과자,D202-117000000-0014,팥빵_호두과자,contains,230
TL1/C/02/C02145/04/단면/C_02_C02145_호두빵_04_08.json,C_02_C02145_호두빵_04_08.jpg,호두빵,D202-108000000-0008,치즈빵_미니크림치즈호두빵 (8개입),contains,260
TL1/C/02/C02146/19/정위/C_02_C02146_호두타르트_19_10.json,C_02_C02146_호두타르트_19_10.jpg,호두타르트,D202-114000000-0017,타르트_호두타르트,contains,250
TL1/C/01/C01020/25/정위/C_01_C01020_호떡_25_10.json,C_01_C01020_호떡_25_10.jpg,호떡,D402-125000000-0001,호떡,exact,260
TL1/C/01/C01021/02/정위/C_01_C01021_호박송편_02_10.json,C_01_C01021_호박송편_02_10.jpg,호박송편,,,not_found,240
TL1/D/09/D09006/18/측면/D_09_D09006_호박식혜_18_02.json,D_09_D09006_호박식혜_18_02.jpg,호박식혜,,,not_found,69
TL1/D/09/D09007/15/측면/D_09_D09007_홍차_15_01.json,D_09_D09007_홍차_15_01.jpg,홍차,D202-110000000-0494,케이크_한라봉홍차 케이크,contains,63
TL1/B/12/B12168/13/정위/B_12_B12168_황도_13_10.json,B_12_B12168_황도_13_10.jpg,황도,,,not_found,200
TL1/C/02/C02147/17/정위/C_02_C02147_황치즈마카롱_17_10.json,C_02_C02147_황치즈마카롱_17_10.jpg,황치즈마카롱,,,not_found,270
TL10/A/13/A13038/02/측면/A_13_A13038_황태국_02_05.json,A_13_A13038_황태국_02_05.jpg,황태국,,,not_found,270
TL1/A/13/A13039/03/정위/A_13_A13039_황태국밥_03_10.json,A_13_A13039_황태국밥_03_10.jpg,황태국밥,,,not_found,260
TL1/A/13/A13040/32/정위/A_13_A13040_황태닭개장_32_09.json,A_13_A13040_황태닭개장_32_09.jpg,황태닭개장,,,not_found,370
TL1/A/13/A13041/12/정위/A_13_A13041_황태닭곰탕_12_09.json,A_13_A13041_황태닭곰탕_12_09.jpg,황태닭곰탕,,,not_found,290
TL1/A/13/A13042/25/정위/A_13_A13042_황태떡국_25_09.json,A_13_A13042_황태떡국_25_09.jpg,황태떡국,,,not_found,320
TL1/A/13/A13043/23/정위/A_13_A13043_황태만두국_23_10.json,A_13_A13043_황태만두국_23_10.jpg,황태만두국,,,not_found,250
TL10/A/13/A13044/06/측면/A_13_A13044_황태미역국_06_05.json,A_13_A13044_황태미역국_06_05.jpg,황태미역국,,,not_found,250
TL1/A/13/A13045/05/정위/A_13_A13045_황태부대찌개_05_09.json,A_13_A13045_황태부대찌개_05_09.jpg,황태부대찌개,,,not_found,340
TL1/A/13/A13046/23/정위/A_13_A13046_황태육개장_23_09.json,A_13_A13046_황태육개장_23_09.jpg,황태육개장,,,not_found,320
TL1/A/13/A13047/06/정위/A_13_A13047_황태전골_06_09.json,A_13_A13047_황태전골_06_09.jpg,황태전골,,,not_found,370
TL1/A/13/A13048/36/정위/A_13_A13048_황태찜_36_09.json,A_13_A13048_황태찜_36_09.jpg,황태찜,,,not_found,370
TL1/A/13/A13049/25/정위/A_13_A13049_황태콩나물해장국_25_09.json,A_13_A13049_황태콩나물해장국_25_09.jpg,황태콩나물해장국,,,not_found,250
TL10/B/11/B11130/02/정위/B_11_B11130_후라이드치킨(뼈)_02_09.json,B_11_B11130_후라이드치킨(뼈)_02_09.jpg,후라이드치킨(뼈),,,not_found,260
TL1/C/02/C02148/12/단면/C_02_C02148_후레쉬빵_12_08.json,C_02_C02148_후레쉬빵_12_08.jpg,후레쉬빵,,,not_found,250
TL1/C/06/C06015/23/정위/C_06_C06015_후르츠링시리얼_23_10.json,C_06_C06015_후르츠링시리얼_23_10.jpg,후르츠링시리얼,,,not_found,210
TL1/C/06/C06016/20/정위/C_06_C06016_훈제닭가슴살_20_10.json,C_06_C06016_훈제닭가슴살_20_10.jpg,훈제닭가슴살,,,not_found,230
TL1/C/06/C06017/10/정위/C_06_C06017_훈제닭가슴살소시지_10_09.json,C_06_C06017_훈제닭가슴살소시지_10_09.jpg,훈제닭가슴살소시지,,,not_found,260
TL1/B/11/B11131/03/측면/B_11_B11131_훈제양념치킨_03_04.json,B_11_B11131_훈제양념치킨_03_04.jpg,훈제양념치킨,,,not_found,270
TL1/A/14/A14150/08/정위/A_14_A14150_훈제연어덮밥_08_09.json,A_14_A14150_훈제연어덮밥_08_09.jpg,훈제연어덮밥,,,not_found,250
TL1/B/11/B11132/26/정위/B_11_B11132_훈제치킨(뼈)_26_10.json,B_11_B11132_훈제치킨(뼈)_26_10.jpg,훈제치킨(뼈),,,not_found,230
TL1/C/02/C02149/18/단면/C_02_C02149_휘낭시에_18_08.json,C_02_C02149_휘낭시에_18_08.jpg,휘낭시에,D202-087000000-0010,머핀_쌀휘낭시에,contains,240
TL10/D/08/D08025/15/측면/D_08_D08025_흑당라떼_15_01.json,D_08_D08025_흑당라떼_15_01.jpg,흑당라떼,,,not_found,78
TL1/D/08/D08026/17/측면/D_08_D08026_흑당밀크티_17_01.json,D_08_D08026_흑당밀크티_17_01.jpg,흑당밀크티,,,not_found,84
TL1/C/03/C03157/11/측면/C_03_C03157_흑임자죽_11_07.json,C_03_C03157_흑임자죽_11_07.jpg,흑임자죽,,,not_found,240
TL1/A/14/A14151/09/측면/A_14_A14151_히레카츠(안심)_09_06.json,A_14_A14151_히레카츠(안심)_09_06.jpg,히레카츠(안심),,,not_found,330
TL1/D/09/D09008/07/정위/D_09_D09008_히비스커스_07_03.json,D_09_D09008_히비스커스_07_03.jpg,히비스커스,D220-719000000-0086,기타차_자몽히비스커스티 아이스(ICED),contains,78
